Date,City,Actual_PM25,Forecast_PM25
2023-01-01,Montréal,3.791666667,7.617045803263587
2023-01-02,Montréal,8.791666667,7.07652687260242
2023-01-03,Montréal,10.16666667,7.060252155534934
2023-01-04,Montréal,5.208333333,6.638644091882079
2023-01-05,Montréal,7.875,7.349447282413773
2023-01-06,Montréal,19.75,7.347320489384918
2023-01-07,Montréal,1.375,6.882324087892592
2023-01-08,Montréal,1.166666667,7.116924355366715
2023-01-09,Montréal,9.333333333,7.553084038676473
2023-01-10,Montréal,2.041666667,7.657691266339655
2023-01-11,Montréal,7.708333333,7.073564536753016
2023-01-12,Montréal,12.0,7.593545182637543
2023-01-13,Montréal,1.958333333,7.454267269079439
2023-01-14,Montréal,4.583333333,6.911822416372842
2023-01-15,Montréal,8.083333333,7.111078566204239
2023-01-16,Montréal,8.125,7.535350045687411
2023-01-17,Montréal,15.20833333,7.638611494993356
2023-01-18,Montréal,9.333333333,7.056583767328645
2023-01-19,Montréal,3.583333333,7.57896746865122
2023-01-20,Montréal,1.791666667,7.441401766685946
2023-01-21,Montréal,7.708333333,6.899917851895199
2023-01-22,Montréal,7.125,7.099609530505862
2023-01-23,Montréal,6.208333333,7.524025625186077
2023-01-24,Montréal,3.291666667,7.6273018520259726
2023-01-25,Montréal,4.5,7.045247058331366
2023-01-26,Montréal,3.041666667,7.567600508216873
2023-01-27,Montréal,8.708333333,7.430013434992321
2023-01-28,Montréal,5.75,6.888517599535138
2023-01-29,Montréal,3.416666667,7.08820391266019
2023-01-30,Montréal,8.583333333,7.512618249282569
2023-01-31,Montréal,5.619047619,7.6158943166987205
2023-02-01,Montréal,16.625,7.033839871492467
2023-02-02,Montréal,9.625,7.556193702075669
2023-02-03,Montréal,2.166666667,7.418606895548136
2023-02-04,Montréal,5.083333333,6.877111207943257
2023-02-05,Montréal,13.16666667,7.0767975871516215
2023-02-06,Montréal,17.45833333,7.501211945132043
2023-02-07,Montréal,11.04166667,7.604488014228117
2023-02-08,Montréal,9.958333333,7.022433564541138
2023-02-09,Montréal,12.625,7.544787390335059
2023-02-10,Montréal,3.625,7.407200580479993
2023-02-11,Montréal,1.208333333,6.865704891041629
2023-02-12,Montréal,18.58333333,7.065391269436296
2023-02-13,Montréal,12.5,7.489805627157429
2023-02-14,Montréal,6.25,7.593081696236372
2023-02-15,Montréal,8.0,7.01102724660693
2023-02-16,Montréal,2.958333333,7.533381072461083
2023-02-17,Montréal,2.565217391,7.395794262647526
2023-02-18,Montréal,6.041666667,6.854298573231894
2023-02-19,Montréal,10.125,7.053984951636577
2023-02-20,Montréal,3.875,7.478399309360855
2023-02-21,Montréal,4.541666667,7.581675378439965
2023-02-22,Montréal,5.291666667,6.999620928809784
2023-02-23,Montréal,2.916666667,7.521974754663179
2023-02-24,Montréal,2.25,7.384387944849105
2023-02-25,Montréal,7.0,6.842892255433191
2023-02-26,Montréal,19.04166667,7.042578633837751
2023-02-27,Montréal,16.75,7.46699299156199
2023-02-28,Montréal,6.0,7.570269060641099
2023-03-01,Montréal,8.541666667,6.988214611010928
2023-03-02,Montréal,7.0,7.510568436864332
2023-03-03,Montréal,5.625,7.372981627050264
2023-03-04,Montréal,6.625,6.831485937634354
2023-03-05,Montréal,10.25,7.031172316038916
2023-03-06,Montréal,1.958333333,7.455586673763156
2023-03-07,Montréal,2.416666667,7.558862742842265
2023-03-08,Montréal,2.5,6.976808293212093
2023-03-09,Montréal,6.208333333,7.499162119065498
2023-03-10,Montréal,4.625,7.36157530925143
2023-03-11,Montréal,5.583333333,6.82007961983552
2023-03-12,Montréal,8.458333333,7.019765998240081
2023-03-13,Montréal,10.20833333,7.4441803559643205
2023-03-14,Montréal,3.833333333,7.547456425043429
2023-03-15,Montréal,2.260869565,6.965401975413258
2023-03-16,Montréal,6.25,7.487755801266663
2023-03-17,Montréal,10.66666667,7.350168991452595
2023-03-18,Montréal,2.791666667,6.808673302036684
2023-03-19,Montréal,2.375,7.008359680441246
2023-03-20,Montréal,8.666666667,7.432774038165485
2023-03-21,Montréal,7.291666667,7.536050107244594
2023-03-22,Montréal,2.875,6.953995657614422
2023-03-23,Montréal,9.708333333,7.4763494834678275
2023-03-24,Montréal,2.583333333,7.3387626736537594
2023-03-25,Montréal,3.625,6.797266984237849
2023-03-26,Montréal,3.208333333,6.996953362642411
2023-03-27,Montréal,5.666666667,7.42136772036665
2023-03-28,Montréal,4.272727273,7.524643789445759
2023-03-29,Montréal,8.666666667,6.942589339815587
2023-03-30,Montréal,2.791666667,7.464943165668992
2023-03-31,Montréal,8.75,7.327356355854924
2023-04-01,Montréal,4.041666667,6.785860666439014
2023-04-02,Montréal,2.666666667,6.9855470448435755
2023-04-03,Montréal,5.625,7.409961402567815
2023-04-04,Montréal,7.583333333,7.5132374716469235
2023-04-05,Montréal,3.875,6.931183022016752
2023-04-06,Montréal,10.79166667,7.453536847870157
2023-04-07,Montréal,2.833333333,7.315950038056089
2023-04-08,Montréal,5.208333333,6.7744543486401785
2023-04-09,Montréal,5.666666667,6.97414072704474
2023-04-10,Montréal,8.541666667,7.398555084768979
2023-04-11,Montréal,10.29166667,7.501831153848088
2023-04-12,Montréal,3.416666667,6.919776704217917
2023-04-13,Montréal,11.25,7.442130530071322
2023-04-14,Montréal,5.416666667,7.304543720257254
2023-04-15,Montréal,8.0,6.763048030841343
2023-04-16,Montréal,6.208333333,6.962734409245905
2023-04-17,Montréal,6.25,7.387148766970144
2023-04-18,Montréal,2.583333333,7.490424836049253
2023-04-19,Montréal,2.833333333,6.908370386419081
2023-04-20,Montréal,5.041666667,7.430724212272486
2023-04-21,Montréal,4.416666667,7.293137402458418
2023-04-22,Montréal,8.416666667,6.751641713042508
2023-04-23,Montréal,3.791666667,6.95132809144707
2023-04-24,Montréal,3.791666667,7.375742449171309
2023-04-25,Montréal,5.0,7.479018518250418
2023-04-26,Montréal,9.083333333,6.896964068620246
2023-04-27,Montréal,6.083333333,7.419317894473651
2023-04-28,Montréal,6.791666667,7.281731084659583
2023-04-29,Montréal,5.041666667,6.740235395243673
2023-04-30,Montréal,2.791666667,6.939921773648234
2023-05-01,Montréal,1.260869565,7.364336131372474
2023-05-02,Montréal,2.375,7.467612200451582
2023-05-03,Montréal,2.291666667,6.885557750821411
2023-05-04,Montréal,2.583333333,7.407911576674816
2023-05-05,Montréal,4.666666667,7.270324766860748
2023-05-06,Montréal,5.125,6.728829077444837
2023-05-07,Montréal,4.583333333,6.928515455849399
2023-05-08,Montréal,3.625,7.352929813573638
2023-05-09,Montréal,4.0,7.456205882652747
2023-05-10,Montréal,9.130434783,6.8741514330225755
2023-05-11,Montréal,9.875,7.3965052588759805
2023-05-12,Montréal,5.608695652,7.2589184490619125
2023-05-13,Montréal,5.333333333,6.717422759646002
2023-05-14,Montréal,2.5,6.917109138050564
2023-05-15,Montréal,6.416666667,7.341523495774803
2023-05-16,Montréal,5.625,7.444799564853912
2023-05-17,Montréal,1.958333333,6.86274511522374
2023-05-18,Montréal,5.916666667,7.385098941077145
2023-05-19,Montréal,9.625,7.247512131263077
2023-05-20,Montréal,4.833333333,6.706016441847167
2023-05-21,Montréal,7.791666667,6.9057028202517285
2023-05-22,Montréal,3.708333333,7.330117177975968
2023-05-23,Montréal,8.125,7.4333932470550765
2023-05-24,Montréal,7.041666667,6.851338797424905
2023-05-25,Montréal,4.541666667,7.37369262327831
2023-05-26,Montréal,6.25,7.236105813464242
2023-05-27,Montréal,8.291666667,6.694610124048332
2023-05-28,Montréal,11.625,6.894296502452893
2023-05-29,Montréal,5.791666667,7.3187108601771325
2023-05-30,Montréal,10.41666667,7.421986929256241
2023-05-31,Montréal,15.52173913,6.83993247962607
2023-06-01,Montréal,13.16666667,7.362286305479475
2023-06-02,Montréal,13.33333333,7.224699495665407
2023-06-03,Montréal,6.041666667,6.683203806249496
2023-06-04,Montréal,3.833333333,6.882890184654058
2023-06-05,Montréal,17.20833333,7.307304542378297
2023-06-06,Montréal,35.33333333,7.410580611457406
2023-06-07,Montréal,7.291666667,6.828526161827234
2023-06-08,Montréal,2.708333333,7.350879987680639
2023-06-09,Montréal,4.75,7.213293177866571
2023-06-10,Montréal,5.791666667,6.671797488450661
2023-06-11,Montréal,17.0,6.871483866855223
2023-06-12,Montréal,18.625,7.295898224579462
2023-06-13,Montréal,10.20833333,7.399174293658571
2023-06-14,Montréal,12.375,6.817119844028399
2023-06-15,Montréal,10.33333333,7.339473669881804
2023-06-16,Montréal,29.375,7.201886860067736
2023-06-17,Montréal,4.666666667,6.660391170651826
2023-06-18,Montréal,2.333333333,6.8600775490563874
2023-06-19,Montréal,5.791666667,7.284491906780627
2023-06-20,Montréal,8.083333333,7.387767975859735
2023-06-21,Montréal,7.333333333,6.805713526229564
2023-06-22,Montréal,6.291666667,7.328067352082969
2023-06-23,Montréal,6.833333333,7.190480542268901
2023-06-24,Montréal,4.916666667,6.6489848528529905
2023-06-25,Montréal,121.375,6.848671231257552
2023-06-26,Montréal,36.08333333,7.273085588981791
2023-06-27,Montréal,1.5,7.3763616580609
2023-06-28,Montréal,10.375,6.7943072084307286
2023-06-29,Montréal,19.375,7.316661034284134
2023-06-30,Montréal,44.375,7.179074224470066
2023-07-01,Montréal,36.375,6.637578535054155
2023-07-02,Montréal,17.66666667,6.837264913458717
2023-07-03,Montréal,17.5,7.261679271182956
2023-07-04,Montréal,13.79166667,7.364955340262065
2023-07-05,Montréal,14.0,6.782900890631893
2023-07-06,Montréal,10.25,7.305254716485298
2023-07-07,Montréal,7.5,7.16766790667123
2023-07-08,Montréal,6.583333333,6.62617221725532
2023-07-09,Montréal,4.875,6.825858595659882
2023-07-10,Montréal,3.083333333,7.250272953384121
2023-07-11,Montréal,7.416666667,7.35354902246323
2023-07-12,Montréal,6.041666667,6.771494572833058
2023-07-13,Montréal,4.5,7.293848398686463
2023-07-14,Montréal,7.916666667,7.156261588872395
2023-07-15,Montréal,7.208333333,6.614765899456485
2023-07-16,Montréal,8.708333333,6.814452277861046
2023-07-17,Montréal,17.91666667,7.2388666355852855
2023-07-18,Montréal,22.0,7.342142704664394
2023-07-19,Montréal,4.625,6.760088255034223
2023-07-20,Montréal,9.875,7.282442080887628
2023-07-21,Montréal,5.25,7.14485527107356
2023-07-22,Montréal,3.208333333,6.603359581657649
2023-07-23,Montréal,8.916666667,6.803045960062211
2023-07-24,Montréal,8.833333333,7.22746031778645
2023-07-25,Montréal,8.458333333,7.330736386865559
2023-07-26,Montréal,19.0,6.7486819372353875
2023-07-27,Montréal,13.08333333,7.2710357630887925
2023-07-28,Montréal,10.33333333,7.1334489532747245
2023-07-29,Montréal,2.958333333,6.591953263858814
2023-07-30,Montréal,6.041666667,6.791639642263376
2023-07-31,Montréal,3.416666667,7.216053999987615
2023-08-01,Montréal,2.208333333,7.319330069066724
2023-08-02,Montréal,2.291666667,6.737275619436552
2023-08-03,Montréal,8.625,7.259629445289957
2023-08-04,Montréal,11.0,7.122042635475889
2023-08-05,Montréal,10.20833333,6.580546946059979
2023-08-06,Montréal,12.75,6.7802333244645405
2023-08-07,Montréal,15.0,7.20464768218878
2023-08-08,Montréal,2.916666667,7.3079237512678885
2023-08-09,Montréal,8.5,6.725869301637717
2023-08-10,Montréal,9.416666667,7.248223127491122
2023-08-11,Montréal,6.666666667,7.110636317677054
2023-08-12,Montréal,8.333333333,6.5691406282611435
2023-08-13,Montréal,4.583333333,6.768827006665705
2023-08-14,Montréal,9.375,7.193241364389944
2023-08-15,Montréal,5.791666667,7.296517433469053
2023-08-16,Montréal,4.166666667,6.714462983838882
2023-08-17,Montréal,7.291666667,7.236816809692287
2023-08-18,Montréal,4.291666667,7.099229999878219
2023-08-19,Montréal,3.375,6.557734310462308
2023-08-20,Montréal,12.25,6.75742068886687
2023-08-21,Montréal,9.125,7.181835046591109
2023-08-22,Montréal,5.458333333,7.285111115670218
2023-08-23,Montréal,5.916666667,6.703056666040046
2023-08-24,Montréal,4.958333333,7.225410491893451
2023-08-25,Montréal,5.416666667,7.087823682079383
2023-08-26,Montréal,4.291666667,6.546327992663473
2023-08-27,Montréal,7.125,6.746014371068035
2023-08-28,Montréal,9.833333333,7.170428728792274
2023-08-29,Montréal,7.708333333,7.273704797871383
2023-08-30,Montréal,4.458333333,6.691650348241211
2023-08-31,Montréal,4.086956522,7.214004174094616
2023-09-01,Montréal,5.208333333,7.076417364280548
2023-09-02,Montréal,4.291666667,6.534921674864638
2023-09-03,Montréal,4.5,6.734608053269199
2023-09-04,Montréal,14.625,7.159022410993439
2023-09-05,Montréal,13.75,7.262298480072547
2023-09-06,Montréal,14.91304348,6.680244030442376
2023-09-07,Montréal,9.041666667,7.202597856295781
2023-09-08,Montréal,5.25,7.065011046481713
2023-09-09,Montréal,0.458333333,6.523515357065802
2023-09-10,Montréal,2.625,6.723201735470364
2023-09-11,Montréal,7.916666667,7.147616093194603
2023-09-12,Montréal,4.958333333,7.250892162273712
2023-09-13,Montréal,4.958333333,6.6688377126435405
2023-09-14,Montréal,2.416666667,7.191191538496946
2023-09-15,Montréal,6.75,7.053604728682878
2023-09-16,Montréal,2.5,6.512109039266967
2023-09-17,Montréal,6.208333333,6.711795417671529
2023-09-18,Montréal,6.166666667,7.136209775395768
2023-09-19,Montréal,2.541666667,7.239485844474877
2023-09-20,Montréal,8.583333333,6.657431394844705
2023-09-21,Montréal,11.04166667,7.17978522069811
2023-09-22,Montréal,9.75,7.042198410884042
2023-09-23,Montréal,17.79166667,6.500702721468132
2023-09-24,Montréal,9.791666667,6.700389099872694
2023-09-25,Montréal,11.45833333,7.124803457596933
2023-09-26,Montréal,7.5,7.228079526676042
2023-09-27,Montréal,11.95833333,6.64602507704587
2023-09-28,Montréal,20.75,7.168378902899275
2023-09-29,Montréal,20.58333333,7.030792093085207
2023-09-30,Montréal,24.75,6.489296403669297
2023-10-01,Montréal,16.66666667,6.688982782073858
2023-10-02,Montréal,6.0,7.1133971397980975
2023-10-03,Montréal,11.0,7.216673208877206
2023-10-04,Montréal,18.0,6.634618759247035
2023-10-05,Montréal,10.875,7.15697258510044
2023-10-06,Montréal,6.708333333,7.019385775286372
2023-10-07,Montréal,3.333333333,6.477890085870461
2023-10-08,Montréal,2.958333333,6.677576464275023
2023-10-09,Montréal,3.333333333,7.101990821999262
2023-10-10,Montréal,2.75,7.205266891078371
2023-10-11,Montréal,7.875,6.623212441448199
2023-10-12,Montréal,4.083333333,7.1455662673016045
2023-10-13,Montréal,5.625,7.0079794574875365
2023-10-14,Montréal,5.458333333,6.466483768071626
2023-10-15,Montréal,3.083333333,6.666170146476188
2023-10-16,Montréal,3.041666667,7.090584504200427
2023-10-17,Montréal,4.8,7.193860573279536
2023-10-18,Montréal,7.333333333,6.611806123649364
2023-10-19,Montréal,9.0,7.134159949502769
2023-10-20,Montréal,7.291666667,6.996573139688701
2023-10-21,Montréal,4.041666667,6.455077450272791
2023-10-22,Montréal,1.625,6.6547638286773525
2023-10-23,Montréal,8.125,7.079178186401592
2023-10-24,Montréal,3.625,7.1824542554807005
2023-10-25,Montréal,11.29166667,6.600399805850529
2023-10-26,Montréal,16.5,7.122753631703934
2023-10-27,Montréal,11.91666667,6.985166821889866
2023-10-28,Montréal,5.583333333,6.4436711324739555
2023-10-29,Montréal,4.666666667,6.643357510878517
2023-10-30,Montréal,6.166666667,7.067771868602756
2023-10-31,Montréal,4.476190476,7.171047937681865
2023-11-01,Montréal,4.958333333,6.588993488051694
2023-11-02,Montréal,7.583333333,7.111347313905099
2023-11-03,Montréal,6.375,6.973760504091031
2023-11-04,Montréal,6.5,6.43226481467512
2023-11-05,Montréal,5.666666667,6.631951193079682
2023-11-06,Montréal,4.708333333,7.056365550803921
2023-11-07,Montréal,5.833333333,7.15964161988303
2023-11-08,Montréal,3.125,6.577587170252858
2023-11-09,Montréal,6.583333333,7.099940996106263
2023-11-10,Montréal,4.541666667,6.962354186292195
2023-11-11,Montréal,3.0,6.420858496876285
2023-11-12,Montréal,3.958333333,6.620544875280847
2023-11-13,Montréal,7.625,7.044959233005086
2023-11-14,Montréal,14.95833333,7.148235302084195
2023-11-15,Montréal,4.333333333,6.566180852454023
2023-11-16,Montréal,13.58333333,7.088534678307428
2023-11-17,Montréal,11.45833333,6.95094786849336
2023-11-18,Montréal,3.583333333,6.40945217907745
2023-11-19,Montréal,3.666666667,6.609138557482011
2023-11-20,Montréal,3.875,7.033552915206251
2023-11-21,Montréal,5.791666667,7.136828984285359
2023-11-22,Montréal,7.833333333,6.554774534655188
2023-11-23,Montréal,8.958333333,7.077128360508593
2023-11-24,Montréal,0.958333333,6.939541550694525
2023-11-25,Montréal,5.041666667,6.398045861278614
2023-11-26,Montréal,5.208333333,6.597732239683176
2023-11-27,Montréal,5.75,7.022146597407415
2023-11-28,Montréal,4.75,7.125422666486524
2023-11-29,Montréal,5.166666667,6.5433682168563525
2023-11-30,Montréal,11.29166667,7.065722042709758
2023-12-01,Montréal,15.08333333,6.9281352328956896
2023-12-02,Montréal,7.833333333,6.386639543479779
2023-12-03,Montréal,6.125,6.586325921884341
2023-12-04,Montréal,4.0,7.01074027960858
2023-12-05,Montréal,5.125,7.114016348687689
2023-12-06,Montréal,6.583333333,6.531961899057517
2023-12-07,Montréal,10.83333333,7.054315724910922
2023-12-08,Montréal,9.458333333,6.916728915096854
2023-12-09,Montréal,14.66666667,6.375233225680944
2023-12-10,Montréal,12.91666667,6.574919604085506
2023-12-11,Montréal,3.25,6.999333961809745
2023-12-12,Montréal,3.958333333,7.102610030888854
2023-12-13,Montréal,1.5,6.520555581258682
2023-12-14,Montréal,3.25,7.042909407112087
2023-12-15,Montréal,13.79166667,6.905322597298019
2023-12-16,Montréal,3.208333333,6.363826907882109
2023-12-17,Montréal,5.125,6.56351328628667
2023-12-18,Montréal,1.416666667,6.9879276440109095
2023-12-19,Montréal,1.083333333,7.091203713090018
2023-12-20,Montréal,7.375,6.509149263459847
2023-12-21,Montréal,2.666666667,7.031503089313252
2023-12-22,Montréal,4.375,6.893916279499184
2023-12-23,Montréal,11.83333333,6.352420590083273
2023-12-24,Montréal,18.95833333,6.552106968487835
2023-12-25,Montréal,28.875,6.976521326212074
2023-12-26,Montréal,23.70833333,7.079797395291183
2023-12-27,Montréal,10.54166667,6.497742945661011
2023-12-28,Montréal,6.291666667,7.0200967715144165
2023-12-29,Montréal,6.25,6.8825099617003485
2023-12-30,Montréal,4.458333333,6.341014272284438
2023-12-31,Montréal,2.541666667,6.540700650689
2023-01-01,Toronto,11.0,8.12520697252521
2023-01-02,Toronto,16.41666667,8.545502352730217
2023-01-03,Toronto,11.33333333,8.29814560493584
2023-01-04,Toronto,5.333333333,8.526838468266908
2023-01-05,Toronto,7.125,8.100431048100072
2023-01-06,Toronto,8.416666667,7.780992482895321
2023-01-07,Toronto,3.916666667,7.3703967869094225
2023-01-08,Toronto,7.375,7.560619955786056
2023-01-09,Toronto,11.54166667,8.170865648500513
2023-01-10,Toronto,3.875,8.243275574622409
2023-01-11,Toronto,7.958333333,8.435637746414399
2023-01-12,Toronto,17.625,8.113760630587919
2023-01-13,Toronto,4.125,7.753495568508319
2023-01-14,Toronto,4.291666667,7.385417876610404
2023-01-15,Toronto,6.333333333,7.55137285238569
2023-01-16,Toronto,8.0,8.181122104347777
2023-01-17,Toronto,8.391304348,8.240770224285974
2023-01-18,Toronto,3.125,8.442548832249088
2023-01-19,Toronto,4.25,8.114202874953579
2023-01-20,Toronto,5.083333333,7.7585727508222035
2023-01-21,Toronto,4.791666667,7.387255902061268
2023-01-22,Toronto,10.66666667,7.555508158151231
2023-01-23,Toronto,6.583333333,8.183642259834116
2023-01-24,Toronto,11.375,8.244431804914099
2023-01-25,Toronto,7.0,8.445406220597414
2023-01-26,Toronto,4.875,8.11762787826503
2023-01-27,Toronto,10.91666667,7.7615975461792415
2023-01-28,Toronto,6.375,7.39056304934293
2023-01-29,Toronto,6.458333333,7.558616176534301
2023-01-30,Toronto,6.333333333,8.18689074489376
2023-01-31,Toronto,5.0,8.247581216845582
2023-02-01,Toronto,13.16666667,8.448625515573225
2023-02-02,Toronto,12.41666667,8.120797882195731
2023-02-03,Toronto,2.791666667,7.764802317805124
2023-02-04,Toronto,6.416666667,7.393743297783484
2023-02-05,Toronto,9.541666667,7.561813722418965
2023-02-06,Toronto,9.708333333,8.190076090083114
2023-02-07,Toronto,10.66666667,8.250775167783479
2023-02-08,Toronto,12.875,8.451813396466552
2023-02-09,Toronto,15.625,8.123990044585684
2023-02-10,Toronto,2.291666667,7.767991460250047
2023-02-11,Toronto,3.25,7.3969345703414096
2023-02-12,Toronto,11.375,7.565003492505724
2023-02-13,Toronto,14.04166667,8.193266919935208
2023-02-14,Toronto,13.18181818,8.253965250132064
2023-02-15,Toronto,5.458333333,8.455004006065376
2023-02-16,Toronto,2.833333333,8.127180282289522
2023-02-17,Toronto,3.25,7.771181960269334
2023-02-18,Toronto,10.08333333,7.400124885336978
2023-02-19,Toronto,7.5,7.568193938007434
2023-02-20,Toronto,4.833333333,8.196457273384652
2023-02-21,Toronto,4.458333333,8.257155668510404
2023-02-22,Toronto,2.708333333,8.458194378646237
2023-02-23,Toronto,3.904761905,8.130370687173551
2023-02-24,Toronto,3.708333333,7.774372342368382
2023-02-25,Toronto,6.625,7.40331528350737
2023-02-26,Toronto,9.958333333,7.571384324841933
2023-02-27,Toronto,3.625,8.199647668214903
2023-02-28,Toronto,5.25,8.260346057700865
2023-03-01,Toronto,8.875,8.461384771814712
2023-03-02,Toronto,6.5,8.133561077536141
2023-03-03,Toronto,3.541666667,7.777562734710099
2023-03-04,Toronto,4.625,7.406505674453114
2023-03-05,Toronto,10.58333333,7.574574716772324
2023-03-06,Toronto,6.541666667,8.202838059450775
2023-03-07,Toronto,2.5,8.263536449426617
2023-03-08,Toronto,5.208333333,8.46457516319493
2023-03-09,Toronto,3.041666667,8.13675146916008
2023-03-10,Toronto,2.833333333,7.780753126162128
2023-03-11,Toronto,3.208333333,7.409696066026399
2023-03-12,Toronto,4.25,7.577765108260082
2023-03-13,Toronto,5.708333333,8.20602845099886
2023-03-14,Toronto,2.25,8.266726840932149
2023-03-15,Toronto,3.416666667,8.467765554730477
2023-03-16,Toronto,11.75,8.139941860674456
2023-03-17,Toronto,6.583333333,7.783943517691436
2023-03-18,Toronto,3.916666667,7.412886457545175
2023-03-19,Toronto,3.208333333,7.5809554997862865
2023-03-20,Toronto,7.041666667,8.209218842519823
2023-03-21,Toronto,12.5,8.269917232456809
2023-03-22,Toronto,9.375,8.470955946252529
2023-03-23,Toronto,13.0,8.143132252198349
2023-03-24,Toronto,6.333333333,7.787133909214032
2023-03-25,Toronto,3.875,7.416076849068685
2023-03-26,Toronto,4.541666667,7.584145891309151
2023-03-27,Toronto,6.25,8.212409234043143
2023-03-28,Toronto,10.56521739,8.273107623979808
2023-03-29,Toronto,7.291666667,8.474146337775753
2023-03-30,Toronto,4.416666667,8.146322643721414
2023-03-31,Toronto,6.916666667,7.7903243007372085
2023-04-01,Toronto,3.666666667,7.419267240591784
2023-04-02,Toronto,3.083333333,7.587336282832306
2023-04-03,Toronto,4.875,8.215599625566258
2023-04-04,Toronto,4.541666667,8.276298015502952
2023-04-05,Toronto,7.083333333,8.47733672929888
2023-04-06,Toronto,4.166666667,8.149513035244555
2023-04-07,Toronto,2.708333333,7.79351469226034
2023-04-08,Toronto,4.583333333,7.422457632114922
2023-04-09,Toronto,7.166666667,7.59052667435544
2023-04-10,Toronto,13.5,8.218790017089395
2023-04-11,Toronto,13.5,8.279488407026086
2023-04-12,Toronto,9.875,8.480527120822016
2023-04-13,Toronto,13.16666667,8.152703426767689
2023-04-14,Toronto,22.20833333,7.796705083783475
2023-04-15,Toronto,17.625,7.425648023638056
2023-04-16,Toronto,18.79166667,7.5937170658785735
2023-04-17,Toronto,3.541666667,8.221980408612529
2023-04-18,Toronto,3.25,8.282678798549219
2023-04-19,Toronto,2.625,8.483717512345148
2023-04-20,Toronto,3.583333333,8.15589381829082
2023-04-21,Toronto,6.041666667,7.799895475306608
2023-04-22,Toronto,3.458333333,7.428838415161188
2023-04-23,Toronto,5.333333333,7.596907457401706
2023-04-24,Toronto,4.583333333,8.225170800135661
2023-04-25,Toronto,8.125,8.28586919007235
2023-04-26,Toronto,4.375,8.486907903868278
2023-04-27,Toronto,6.25,8.159084209813951
2023-04-28,Toronto,9.291666667,7.803085866829738
2023-04-29,Toronto,4.5,7.432028806684318
2023-04-30,Toronto,5.25,7.600097848924836
2023-05-01,Toronto,5.791666667,8.228361191658792
2023-05-02,Toronto,2.75,8.289059581595481
2023-05-03,Toronto,1.916666667,8.490098295391409
2023-05-04,Toronto,3.166666667,8.162274601337081
2023-05-05,Toronto,5.541666667,7.806276258352868
2023-05-06,Toronto,12.20833333,7.435219198207449
2023-05-07,Toronto,5.956521739,7.6032882404479665
2023-05-08,Toronto,3.791666667,8.231551583181922
2023-05-09,Toronto,3.541666667,8.292249973118611
2023-05-10,Toronto,6.291666667,8.49328868691454
2023-05-11,Toronto,11.70833333,8.165464992860212
2023-05-12,Toronto,8.416666667,7.809466649875999
2023-05-13,Toronto,7.083333333,7.438409589730579
2023-05-14,Toronto,3.625,7.606478631971097
2023-05-15,Toronto,5.541666667,8.234741974705052
2023-05-16,Toronto,7.0,8.295440364641742
2023-05-17,Toronto,3.75,8.49647907843767
2023-05-18,Toronto,4.208333333,8.168655384383342
2023-05-19,Toronto,12.125,7.812657041399129
2023-05-20,Toronto,12.70833333,7.4415999812537095
2023-05-21,Toronto,6.083333333,7.609669023494227
2023-05-22,Toronto,6.666666667,8.237932366228183
2023-05-23,Toronto,7.958333333,8.298630756164872
2023-05-24,Toronto,6.458333333,8.4996694699608
2023-05-25,Toronto,3.583333333,8.171845775906473
2023-05-26,Toronto,4.75,7.81584743292226
2023-05-27,Toronto,7.958333333,7.44479037277684
2023-05-28,Toronto,12.30434783,7.612859415017358
2023-05-29,Toronto,7.166666667,8.241122757751313
2023-05-30,Toronto,8.708333333,8.301821147688003
2023-05-31,Toronto,20.95833333,8.50285986148393
2023-06-01,Toronto,16.08333333,8.175036167429603
2023-06-02,Toronto,12.79166667,7.81903782444539
2023-06-03,Toronto,13.58333333,7.44798076429997
2023-06-04,Toronto,10.79166667,7.616049806540488
2023-06-05,Toronto,23.0,8.244313149274443
2023-06-06,Toronto,51.33333333,8.305011539211133
2023-06-07,Toronto,39.04166667,8.50605025300706
2023-06-08,Toronto,29.20833333,8.178226558952733
2023-06-09,Toronto,26.375,7.82222821596852
2023-06-10,Toronto,26.33333333,7.451171155823101
2023-06-11,Toronto,17.875,7.619240198063618
2023-06-12,Toronto,9.166666667,8.247503540797574
2023-06-13,Toronto,8.541666667,8.308201930734263
2023-06-14,Toronto,7.916666667,8.509240644530191
2023-06-15,Toronto,8.958333333,8.181416950475864
2023-06-16,Toronto,20.58333333,7.825418607491651
2023-06-17,Toronto,21.375,7.454361547346231
2023-06-18,Toronto,41.08333333,7.622430589586749
2023-06-19,Toronto,7.625,8.250693932320704
2023-06-20,Toronto,6.041666667,8.311392322257394
2023-06-21,Toronto,15.25,8.512431036053322
2023-06-22,Toronto,9.75,8.184607341998994
2023-06-23,Toronto,3.583333333,7.828608999014781
2023-06-24,Toronto,5.333333333,7.457551938869361
2023-06-25,Toronto,9.791666667,7.625620981109879
2023-06-26,Toronto,4.875,8.253884323843835
2023-06-27,Toronto,19.5,8.314582713780524
2023-06-28,Toronto,76.16666667,8.515621427576452
2023-06-29,Toronto,34.08333333,8.187797733522125
2023-06-30,Toronto,81.5,7.8317993905379115
2023-07-01,Toronto,30.91666667,7.460742330392492
2023-07-02,Toronto,21.79166667,7.62881137263301
2023-07-03,Toronto,8.666666667,8.257074715366965
2023-07-04,Toronto,12.5,8.317773105303655
2023-07-05,Toronto,12.20833333,8.518811819099582
2023-07-06,Toronto,9.541666667,8.190988125045255
2023-07-07,Toronto,5.791666667,7.834989782061042
2023-07-08,Toronto,8.0,7.463932721915622
2023-07-09,Toronto,6.916666667,7.63200176415614
2023-07-10,Toronto,7.666666667,8.260265106890095
2023-07-11,Toronto,9.5,8.320963496826785
2023-07-12,Toronto,4.958333333,8.522002210622713
2023-07-13,Toronto,4.608695652,8.194178516568385
2023-07-14,Toronto,6.833333333,7.838180173584172
2023-07-15,Toronto,7.833333333,7.467123113438753
2023-07-16,Toronto,13.83333333,7.63519215567927
2023-07-17,Toronto,28.29166667,8.263455498413226
2023-07-18,Toronto,6.291666667,8.324153888349915
2023-07-19,Toronto,5.583333333,8.525192602145843
2023-07-20,Toronto,7.875,8.197368908091516
2023-07-21,Toronto,6.291666667,7.841370565107303
2023-07-22,Toronto,9.5,7.470313504961883
2023-07-23,Toronto,9.041666667,7.638382547202401
2023-07-24,Toronto,7.133333333,8.266645889936356
2023-07-25,Toronto,15.25,8.327344279873046
2023-07-26,Toronto,24.5,8.528382993668973
2023-07-27,Toronto,11.58333333,8.200559299614646
2023-07-28,Toronto,21.20833333,7.844560956630433
2023-07-29,Toronto,8.083333333,7.473503896485013
2023-07-30,Toronto,4.583333333,7.641572938725531
2023-07-31,Toronto,5.541666667,8.269836281459487
2023-08-01,Toronto,5.041666667,8.330534671396176
2023-08-02,Toronto,8.333333333,8.531573385192104
2023-08-03,Toronto,16.79166667,8.203749691137777
2023-08-04,Toronto,16.45833333,7.8477513481535635
2023-08-05,Toronto,16.08333333,7.476694288008144
2023-08-06,Toronto,8.791666667,7.6447633302486615
2023-08-07,Toronto,4.916666667,8.273026672982617
2023-08-08,Toronto,9.5,8.333725062919306
2023-08-09,Toronto,13.95833333,8.534763776715234
2023-08-10,Toronto,15.16666667,8.206940082660907
2023-08-11,Toronto,3.833333333,7.850941739676694
2023-08-12,Toronto,4.958333333,7.479884679531274
2023-08-13,Toronto,2.666666667,7.647953721771792
2023-08-14,Toronto,8.75,8.276217064505747
2023-08-15,Toronto,13.625,8.336915454442437
2023-08-16,Toronto,29.875,8.537954168238365
2023-08-17,Toronto,16.5,8.210130474184037
2023-08-18,Toronto,4.333333333,7.854132131199824
2023-08-19,Toronto,12.54166667,7.4830750710544045
2023-08-20,Toronto,15.625,7.651144113294922
2023-08-21,Toronto,11.25,8.279407456028878
2023-08-22,Toronto,7.916666667,8.340105845965567
2023-08-23,Toronto,6.958333333,8.541144559761495
2023-08-24,Toronto,7.583333333,8.213320865707168
2023-08-25,Toronto,5.041666667,7.857322522722955
2023-08-26,Toronto,4.833333333,7.486265462577535
2023-08-27,Toronto,5.541666667,7.654334504818053
2023-08-28,Toronto,6.5,8.282597847552008
2023-08-29,Toronto,8.291666667,8.343296237488698
2023-08-30,Toronto,2.833333333,8.544334951284625
2023-08-31,Toronto,4.0,8.216511257230298
2023-09-01,Toronto,6.8,7.860512914246085
2023-09-02,Toronto,7.625,7.489455854100665
2023-09-03,Toronto,9.083333333,7.657524896341183
2023-09-04,Toronto,15.39130435,8.285788239075139
2023-09-05,Toronto,8.357142857,8.346486629011828
2023-09-06,Toronto,8.833333333,8.547525342807756
2023-09-07,Toronto,6.25,8.219701648753428
2023-09-08,Toronto,2.083333333,7.863703305769215
2023-09-09,Toronto,3.708333333,7.492646245623796
2023-09-10,Toronto,5.0,7.660715287864313
2023-09-11,Toronto,4.791666667,8.288978630598269
2023-09-12,Toronto,6.666666667,8.349677020534958
2023-09-13,Toronto,3.533333333,8.550715734330886
2023-09-14,Toronto,4.958333333,8.222892040276559
2023-09-15,Toronto,7.416666667,7.866893697292346
2023-09-16,Toronto,9.458333333,7.495836637146926
2023-09-17,Toronto,8.458333333,7.663905679387444
2023-09-18,Toronto,8.791666667,8.2921690221214
2023-09-19,Toronto,3.958333333,8.352867412058089
2023-09-20,Toronto,5.833333333,8.553906125854017
2023-09-21,Toronto,8.291666667,8.22608243179969
2023-09-22,Toronto,4.958333333,7.870084088815476
2023-09-23,Toronto,8.291666667,7.499027028670056
2023-09-24,Toronto,11.16666667,7.667096070910574
2023-09-25,Toronto,11.0,8.29535941364453
2023-09-26,Toronto,14.33333333,8.35605780358122
2023-09-27,Toronto,7.916666667,8.557096517377147
2023-09-28,Toronto,6.041666667,8.22927282332282
2023-09-29,Toronto,6.416666667,7.8732744803386066
2023-09-30,Toronto,10.75,7.502217420193187
2023-10-01,Toronto,7.5,7.670286462433705
2023-10-02,Toronto,8.75,8.29854980516766
2023-10-03,Toronto,15.5,8.35924819510435
2023-10-04,Toronto,13.29166667,8.560286908900277
2023-10-05,Toronto,10.79166667,8.23246321484595
2023-10-06,Toronto,5.458333333,7.876464871861737
2023-10-07,Toronto,3.166666667,7.505407811716317
2023-10-08,Toronto,0.625,7.673476853956835
2023-10-09,Toronto,3.833333333,8.30174019669079
2023-10-10,Toronto,3.416666667,8.36243858662748
2023-10-11,Toronto,4.708333333,8.563477300423408
2023-10-12,Toronto,5.5,8.23565360636908
2023-10-13,Toronto,4.333333333,7.879655263384867
2023-10-14,Toronto,3.041666667,7.508598203239448
2023-10-15,Toronto,1.333333333,7.676667245479965
2023-10-16,Toronto,2.875,8.30493058821392
2023-10-17,Toronto,4.916666667,8.36562897815061
2023-10-18,Toronto,9.25,8.566667691946538
2023-10-19,Toronto,7.083333333,8.23884399789221
2023-10-20,Toronto,6.125,7.882845654907998
2023-10-21,Toronto,2.625,7.511788594762578
2023-10-22,Toronto,1.666666667,7.679857637003096
2023-10-23,Toronto,5.916666667,8.308120979737051
2023-10-24,Toronto,7.375,8.36881936967374
2023-10-25,Toronto,10.54166667,8.569858083469668
2023-10-26,Toronto,14.70833333,8.242034389415341
2023-10-27,Toronto,7.583333333,7.886036046431128
2023-10-28,Toronto,2.375,7.514978986285708
2023-10-29,Toronto,2.875,7.683048028526226
2023-10-30,Toronto,3.041666667,8.311311371260182
2023-10-31,Toronto,7.541666667,8.372009761196871
2023-11-01,Toronto,4.708333333,8.573048474992799
2023-11-02,Toronto,7.208333333,8.245224780938472
2023-11-03,Toronto,8.041666667,7.8892264379542585
2023-11-04,Toronto,10.875,7.518169377808839
2023-11-05,Toronto,6.583333333,7.6862384200493565
2023-11-06,Toronto,10.375,8.314501762783312
2023-11-07,Toronto,4.5,8.375200152720002
2023-11-08,Toronto,2.833333333,8.57623886651593
2023-11-09,Toronto,6.041666667,8.248415172461602
2023-11-10,Toronto,4.291666667,7.892416829477389
2023-11-11,Toronto,5.083333333,7.521359769331969
2023-11-12,Toronto,4.916666667,7.689428811572487
2023-11-13,Toronto,6.333333333,8.317692154306442
2023-11-14,Toronto,4.583333333,8.378390544243132
2023-11-15,Toronto,8.833333333,8.57942925803906
2023-11-16,Toronto,24.66666667,8.251605563984732
2023-11-17,Toronto,8.875,7.895607221000519
2023-11-18,Toronto,4.125,7.5245501608550995
2023-11-19,Toronto,4.208333333,7.692619203095617
2023-11-20,Toronto,4.041666667,8.320882545829573
2023-11-21,Toronto,4.25,8.381580935766262
2023-11-22,Toronto,4.291666667,8.58261964956219
2023-11-23,Toronto,8.0,8.254795955507863
2023-11-24,Toronto,2.25,7.89879761252365
2023-11-25,Toronto,7.166666667,7.52774055237823
2023-11-26,Toronto,10.41666667,7.695809594618748
2023-11-27,Toronto,5.25,8.324072937352703
2023-11-28,Toronto,2.916666667,8.384771327289393
2023-11-29,Toronto,8.458333333,8.58581004108532
2023-11-30,Toronto,16.625,8.257986347030993
2023-12-01,Toronto,11.86956522,7.90198800404678
2023-12-02,Toronto,4.666666667,7.53093094390136
2023-12-03,Toronto,6.333333333,7.698999986141878
2023-12-04,Toronto,3.083333333,8.327263328875834
2023-12-05,Toronto,5.416666667,8.387961718812523
2023-12-06,Toronto,4.916666667,8.58900043260845
2023-12-07,Toronto,15.70833333,8.261176738554123
2023-12-08,Toronto,17.875,7.90517839556991
2023-12-09,Toronto,9.75,7.534121335424491
2023-12-10,Toronto,3.958333333,7.7021903776650085
2023-12-11,Toronto,2.208333333,8.330453720398964
2023-12-12,Toronto,9.736842105,8.391152110335653
2023-12-13,Toronto,3.416666667,8.592190824131581
2023-12-14,Toronto,9.083333333,8.264367130077254
2023-12-15,Toronto,15.875,7.908368787093041
2023-12-16,Toronto,14.66666667,7.537311726947621
2023-12-17,Toronto,9.541666667,7.705380769188139
2023-12-18,Toronto,5.666666667,8.333644111922094
2023-12-19,Toronto,2.583333333,8.394342501858784
2023-12-20,Toronto,8.541666667,8.595381215654712
2023-12-21,Toronto,4.375,8.267557521600384
2023-12-22,Toronto,5.291666667,7.911559178616171
2023-12-23,Toronto,10.75,7.5405021184707515
2023-12-24,Toronto,12.75,7.708571160711269
2023-12-25,Toronto,18.33333333,8.336834503445225
2023-12-26,Toronto,16.70833333,8.397532893381914
2023-12-27,Toronto,5.291666667,8.598571607177842
2023-12-28,Toronto,4.833333333,8.270747913123515
2023-12-29,Toronto,8.5,7.914749570139302
2023-12-30,Toronto,2.458333333,7.543692509993882
2023-12-31,Toronto,4.291666667,7.7117615522344
2023-01-01,Edmonton,14.70833333,20.994810559358744
2023-01-02,Edmonton,6.875,15.229250022002839
2023-01-03,Edmonton,20.25,13.537985424046305
2023-01-04,Edmonton,19.91666667,11.416745618728267
2023-01-05,Edmonton,12.375,11.416436090962481
2023-01-06,Edmonton,16.875,10.340912715954108
2023-01-07,Edmonton,13.83333333,11.742505544160828
2023-01-08,Edmonton,28.54166667,10.506709212783118
2023-01-09,Edmonton,50.58333333,10.047904658277643
2023-01-10,Edmonton,66.0,10.016802632160609
2023-01-11,Edmonton,63.0,9.960960063546587
2023-01-12,Edmonton,19.58333333,10.163377411900717
2023-01-13,Edmonton,27.75,10.01888237621898
2023-01-14,Edmonton,31.33333333,11.250542179990532
2023-01-15,Edmonton,35.16666667,10.509376857500264
2023-01-16,Edmonton,6.541666667,9.827324108123921
2023-01-17,Edmonton,12.25,10.097142341043405
2023-01-18,Edmonton,7.625,9.84807490034914
2023-01-19,Edmonton,9.291666667,10.250028621699906
2023-01-20,Edmonton,4.083333333,9.95576511332157
2023-01-21,Edmonton,4.208333333,11.325942418215858
2023-01-22,Edmonton,1.583333333,10.47332155554172
2023-01-23,Edmonton,2.875,9.88957444748331
2023-01-24,Edmonton,2.125,10.077819168134198
2023-01-25,Edmonton,2.0,9.899228549278686
2023-01-26,Edmonton,1.0,10.241901485678813
2023-01-27,Edmonton,2.0,9.998393187862154
2023-01-28,Edmonton,1.125,11.32562253263946
2023-01-29,Edmonton,3.25,10.50962735169854
2023-01-30,Edmonton,3.0,9.894806918341718
2023-01-31,Edmonton,7.875,10.109504616835887
2023-02-01,Edmonton,5.708333333,9.908445326928092
2023-02-02,Edmonton,1.090909091,10.27023141051653
2023-02-03,Edmonton,10.45833333,10.010480534800168
2023-02-04,Edmonton,7.583333333,11.351522116076607
2023-02-05,Edmonton,4.333333333,10.523786523086224
2023-02-06,Edmonton,2.458333333,9.918948338374761
2023-02-07,Edmonton,3.375,10.125160288961926
2023-02-08,Edmonton,4.625,9.931315512824145
2023-02-09,Edmonton,6.375,10.286968392125319
2023-02-10,Edmonton,7.625,10.032431768595005
2023-02-11,Edmonton,2.083333333,11.369040525014212
2023-02-12,Edmonton,3.541666667,10.545073529522567
2023-02-13,Edmonton,1.541666667,9.937031496938184
2023-02-14,Edmonton,3.875,10.145967206601483
2023-02-15,Edmonton,10.70833333,9.949806836558372
2023-02-16,Edmonton,8.75,10.307428318925417
2023-02-17,Edmonton,3.75,10.051218091966998
2023-02-18,Edmonton,5.291666667,11.38924966149357
2023-02-19,Edmonton,5.958333333,10.564073063821636
2023-02-20,Edmonton,1.291666667,9.95705937344172
2023-02-21,Edmonton,2.958333333,10.165120839433506
2023-02-22,Edmonton,5.916666667,9.969703706709225
2023-02-23,Edmonton,3.583333333,10.326693326835008
2023-02-24,Edmonton,5.208333333,10.071020276834659
2023-02-25,Edmonton,9.375,11.408595166040975
2023-02-26,Edmonton,11.25,10.583806814603099
2023-02-27,Edmonton,6.916666667,9.976463057163416
2023-02-28,Edmonton,6.826086957,10.184805129270787
2023-03-01,Edmonton,14.08333333,9.989149439598737
2023-03-02,Edmonton,8.291666667,10.346341868626444
2023-03-03,Edmonton,2.041666667,10.090496400884001
2023-03-04,Edmonton,5.208333333,11.42821787082568
2023-03-05,Edmonton,4.25,10.603304903953072
2023-03-06,Edmonton,3.458333333,9.996067088174687
2023-03-07,Edmonton,4.916666667,10.20431909410686
2023-03-08,Edmonton,5.083333333,10.0087399740848
2023-03-09,Edmonton,4.583333333,10.365867307517169
2023-03-10,Edmonton,5.083333333,10.110077180716415
2023-03-11,Edmonton,4.791666667,11.447751602623432
2023-03-12,Edmonton,6.083333333,10.622878633580614
2023-03-13,Edmonton,7.083333333,10.015606813695594
2023-03-14,Edmonton,8.0,10.223887728177912
2023-03-15,Edmonton,14.0,10.0282840315869
2023-03-16,Edmonton,7.25,10.385432258759648
2023-03-17,Edmonton,5.375,10.12962436917077
2023-03-18,Edmonton,13.70833333,11.467313892090637
2023-03-19,Edmonton,15.125,10.64242808494
2023-03-20,Edmonton,30.34782609,10.035167179356819
2023-03-21,Edmonton,6.583333333,10.243438815058624
2023-03-22,Edmonton,16.79166667,10.047843006811643
2023-03-23,Edmonton,10.25,10.404984527718248
2023-03-24,Edmonton,7.458333333,10.149182339453423
2023-03-25,Edmonton,11.45833333,11.48686701539954
2023-03-26,Edmonton,5.125,10.661985328897778
2023-03-27,Edmonton,7.125,10.054720920149938
2023-03-28,Edmonton,5.875,10.262995534062945
2023-03-29,Edmonton,8.125,10.067397193893315
2023-03-30,Edmonton,9.708333333,10.4245408673109
2023-03-31,Edmonton,17.25,10.168736849091468
2023-04-01,Edmonton,32.25,11.506423080771281
2023-04-02,Edmonton,14.25,10.681540071664399
2023-04-03,Edmonton,5.5,10.074276787327705
2023-04-04,Edmonton,9.916666667,10.282550445323935
2023-04-05,Edmonton,10.875,10.086952917825796
2023-04-06,Edmonton,10.33333333,10.444095900351696
2023-04-07,Edmonton,5.0,10.188292469492994
2023-04-08,Edmonton,5.708333333,11.525978201828792
2023-04-09,Edmonton,2.916666667,10.701095617238622
2023-04-10,Edmonton,3.291666667,10.093831971999558
2023-04-11,Edmonton,4.5,10.3021059368165
2023-04-12,Edmonton,3.7,10.106508148475104
2023-04-13,Edmonton,4.291666667,10.463651352756584
2023-04-14,Edmonton,5.666666667,10.207847733372645
2023-04-15,Edmonton,6.166666667,11.545533625982944
2023-04-16,Edmonton,3.125,10.720650905135598
2023-04-17,Edmonton,2.875,10.113387375735407
2023-04-18,Edmonton,4.125,10.321661242072071
2023-04-19,Edmonton,3.952380952,10.126063537453563
2023-04-20,Edmonton,5.666666667,10.48320667055813
2023-04-21,Edmonton,5.166666667,10.227403111685158
2023-04-22,Edmonton,5.75,11.565088952852134
2023-04-23,Edmonton,4.875,10.740206275739268
2023-04-24,Edmonton,5.5,10.132942709158263
2023-04-25,Edmonton,4.875,10.341216607104153
2023-04-26,Edmonton,2.916666667,10.1456188756131
2023-04-27,Edmonton,2.291666667,10.502762031563329
2023-04-28,Edmonton,3.291666667,10.246958453268144
2023-04-29,Edmonton,4.041666667,11.584644310946889
2023-04-30,Edmonton,2.791666667,10.759761619796562
2023-05-01,Edmonton,5.791666667,10.152498065149487
2023-05-02,Edmonton,10.5,10.360771952949761
2023-05-03,Edmonton,8.583333333,10.165174230083993
2023-05-04,Edmonton,7.958333333,10.522317378701448
2023-05-05,Edmonton,4.791666667,10.266513806640214
2023-05-06,Edmonton,5.208333333,11.604199659019175
2023-05-07,Edmonton,4.416666667,10.779316972374453
2023-05-08,Edmonton,6.333333333,10.172053413896942
2023-05-09,Edmonton,7.541666667,10.380327304953656
2023-05-10,Edmonton,8.916666667,10.18472957931943
2023-05-11,Edmonton,8.125,10.541872730290487
2023-05-12,Edmonton,6.375,10.286069156228342
2023-05-13,Edmonton,7.625,11.623755010308376
2023-05-14,Edmonton,8.541666667,10.79887232221749
2023-05-15,Edmonton,6.227272727,10.191608764969434
2023-05-16,Edmonton,53.66666667,10.399882654980928
2023-05-17,Edmonton,100.7,10.204284930235293
2023-05-18,Edmonton,13.375,10.561428080450915
2023-05-19,Edmonton,104.1666667,10.305624507031002
2023-05-20,Edmonton,322.4166667,11.643310360565042
2023-05-21,Edmonton,258.3333333,10.81842767293833
2023-05-22,Edmonton,103.6666667,10.211164115295658
2023-05-23,Edmonton,22.58333333,10.419438005642636
2023-05-24,Edmonton,9.666666667,10.223840280611789
2023-05-25,Edmonton,27.45833333,10.580983431069882
2023-05-26,Edmonton,20.83333333,10.325179857443832
2023-05-27,Edmonton,20.16666667,11.66286571115312
2023-05-28,Edmonton,23.91666667,10.837983023377422
2023-05-29,Edmonton,8.583333333,10.230719465861409
2023-05-30,Edmonton,8.458333333,10.438993356100706
2023-05-31,Edmonton,23.0,10.243395631161404
2023-06-01,Edmonton,7.833333333,10.60053878154167
2023-06-02,Edmonton,20.5,10.344735207981783
2023-06-03,Edmonton,21.25,11.68242106163482
2023-06-04,Edmonton,10.79166667,10.85753837390694
2023-06-05,Edmonton,6.791666667,10.250274816350274
2023-06-06,Edmonton,13.4,10.458548706624134
2023-06-07,Edmonton,8.5,10.262950981655449
2023-06-08,Edmonton,34.66666667,10.620094132060695
2023-06-09,Edmonton,52.20833333,10.36429055847957
2023-06-10,Edmonton,36.16666667,11.701976412150664
2023-06-11,Edmonton,31.41666667,10.877093724407437
2023-06-12,Edmonton,45.75,10.26983016686382
2023-06-13,Edmonton,26.875,10.478104057126586
2023-06-14,Edmonton,41.0,10.282506332167332
2023-06-15,Edmonton,23.83333333,10.63964948256456
2023-06-16,Edmonton,31.25,10.383845908990251
2023-06-17,Edmonton,3.416666667,11.721531762655548
2023-06-18,Edmonton,8.125,10.896649074917248
2023-06-19,Edmonton,11.5,10.289385517369439
2023-06-20,Edmonton,3.083333333,10.497659407635766
2023-06-21,Edmonton,3.375,10.302061682673484
2023-06-22,Edmonton,5.125,10.659204833073286
2023-06-23,Edmonton,11.29166667,10.403401259496789
2023-06-24,Edmonton,12.41666667,11.741087113163946
2023-06-25,Edmonton,14.25,10.916204425424066
2023-06-26,Edmonton,12.7826087,10.308940867877604
2023-06-27,Edmonton,23.83333333,10.517214758142789
2023-06-28,Edmonton,24.05,10.321617033181479
2023-06-29,Edmonton,15.29166667,10.678760183580454
2023-06-30,Edmonton,10.25,10.422956610004661
2023-07-01,Edmonton,4.458333333,11.760642463671221
2023-07-02,Edmonton,23.29166667,10.935759775931848
2023-07-03,Edmonton,11.95833333,10.328496218384952
2023-07-04,Edmonton,8.0,10.536770108650504
2023-07-05,Edmonton,10.58333333,10.341172383688882
2023-07-06,Edmonton,30.70833333,10.698315534088122
2023-07-07,Edmonton,27.375,10.442511960512103
2023-07-08,Edmonton,32.5,11.780197814178855
2023-07-09,Edmonton,43.5,10.955315126439318
2023-07-10,Edmonton,18.70833333,10.348051568892563
2023-07-11,Edmonton,5.625,10.556325459157996
2023-07-12,Edmonton,50.75,10.360727734196475
2023-07-13,Edmonton,54.08333333,10.71787088459563
2023-07-14,Edmonton,140.3043478,10.462067311019684
2023-07-15,Edmonton,202.2083333,11.799753164686374
2023-07-16,Edmonton,74.29166667,10.974870476946888
2023-07-17,Edmonton,29.29166667,10.367606919400089
2023-07-18,Edmonton,24.5,10.575880809665557
2023-07-19,Edmonton,14.29166667,10.380283084704004
2023-07-20,Edmonton,24.125,10.737426235103186
2023-07-21,Edmonton,77.5,10.481622661527219
2023-07-22,Edmonton,30.41666667,11.819308515193928
2023-07-23,Edmonton,18.79166667,10.994425827454428
2023-07-24,Edmonton,39.5,10.387162269907641
2023-07-25,Edmonton,4.291666667,10.595436160173099
2023-07-26,Edmonton,2.916666667,10.399838435211556
2023-07-27,Edmonton,5.125,10.756981585610731
2023-07-28,Edmonton,4.625,10.501178012034769
2023-07-29,Edmonton,3.916666667,11.838863865701471
2023-07-30,Edmonton,6.0,11.013981177961975
2023-07-31,Edmonton,8.791666667,10.406717620415185
2023-08-01,Edmonton,13.08333333,10.614991510680648
2023-08-02,Edmonton,19.41666667,10.419393785719102
2023-08-03,Edmonton,9.708333333,10.77653693611828
2023-08-04,Edmonton,7.739130435,10.520733362542316
2023-08-05,Edmonton,14.20833333,11.858419216209022
2023-08-06,Edmonton,14.875,11.033536528469526
2023-08-07,Edmonton,16.875,10.426272970922735
2023-08-08,Edmonton,39.875,10.634546861188197
2023-08-09,Edmonton,17.25,10.438949136226652
2023-08-10,Edmonton,3.5,10.796092286625829
2023-08-11,Edmonton,5.041666667,10.540288713049865
2023-08-12,Edmonton,3.708333333,11.87797456671657
2023-08-13,Edmonton,3.791666667,11.053091878977074
2023-08-14,Edmonton,9.333333333,10.445828321430286
2023-08-15,Edmonton,11.58333333,10.654102211695747
2023-08-16,Edmonton,9.166666667,10.458504486734201
2023-08-17,Edmonton,37.70833333,10.815647637133377
2023-08-18,Edmonton,17.54166667,10.559844063557414
2023-08-19,Edmonton,12.5,11.89752991722412
2023-08-20,Edmonton,11.75,11.072647229484623
2023-08-21,Edmonton,17.125,10.465383671937834
2023-08-22,Edmonton,16.56521739,10.673657562203296
2023-08-23,Edmonton,8.291666667,10.47805983724175
2023-08-24,Edmonton,39.91666667,10.835202987640926
2023-08-25,Edmonton,55.70833333,10.579399414064962
2023-08-26,Edmonton,28.75,11.917085267731668
2023-08-27,Edmonton,34.875,11.092202579992172
2023-08-28,Edmonton,39.54166667,10.484939022445383
2023-08-29,Edmonton,36.91666667,10.693212912710845
2023-08-30,Edmonton,29.04166667,10.497615187749298
2023-08-31,Edmonton,38.20833333,10.854758338148475
2023-09-01,Edmonton,62.625,10.598954764572511
2023-09-02,Edmonton,89.08333333,11.936640618239217
2023-09-03,Edmonton,154.4166667,11.11175793049972
2023-09-04,Edmonton,94.79166667,10.504494372952932
2023-09-05,Edmonton,50.33333333,10.712768263218393
2023-09-06,Edmonton,43.0,10.517170538256847
2023-09-07,Edmonton,21.33333333,10.874313688656024
2023-09-08,Edmonton,13.33333333,10.61851011508006
2023-09-09,Edmonton,13.625,11.956195968746766
2023-09-10,Edmonton,9.541666667,11.13131328100727
2023-09-11,Edmonton,7.25,10.52404972346048
2023-09-12,Edmonton,27.58333333,10.732323613725942
2023-09-13,Edmonton,33.8,10.536725888764396
2023-09-14,Edmonton,21.54166667,10.893869039163572
2023-09-15,Edmonton,18.95833333,10.638065465587609
2023-09-16,Edmonton,64.95833333,11.975751319254314
2023-09-17,Edmonton,100.5,11.150868631514818
2023-09-18,Edmonton,54.16666667,10.54360507396803
2023-09-19,Edmonton,7.458333333,10.75187896423349
2023-09-20,Edmonton,8.875,10.556281239271945
2023-09-21,Edmonton,9.791666667,10.913424389671121
2023-09-22,Edmonton,15.25,10.657620816095157
2023-09-23,Edmonton,7.916666667,11.995306669761863
2023-09-24,Edmonton,5.416666667,11.170423982022367
2023-09-25,Edmonton,10.04166667,10.563160424475578
2023-09-26,Edmonton,6.875,10.77143431474104
2023-09-27,Edmonton,3.625,10.575836589779493
2023-09-28,Edmonton,6.458333333,10.93297974017867
2023-09-29,Edmonton,21.08333333,10.677176166602706
2023-09-30,Edmonton,19.16666667,12.014862020269412
2023-10-01,Edmonton,11.91666667,11.189979332529916
2023-10-02,Edmonton,5.333333333,10.582715774983127
2023-10-03,Edmonton,3.125,10.790989665248588
2023-10-04,Edmonton,2.541666667,10.595391940287042
2023-10-05,Edmonton,3.666666667,10.952535090686219
2023-10-06,Edmonton,3.25,10.696731517110255
2023-10-07,Edmonton,5.416666667,12.03441737077696
2023-10-08,Edmonton,4.875,11.209534683037464
2023-10-09,Edmonton,8.541666667,10.602271125490676
2023-10-10,Edmonton,8.916666667,10.810545015756137
2023-10-11,Edmonton,8.086956522,10.614947290794591
2023-10-12,Edmonton,10.04166667,10.972090441193767
2023-10-13,Edmonton,7.083333333,10.716286867617804
2023-10-14,Edmonton,3.782608696,12.05397272128451
2023-10-15,Edmonton,10.83333333,11.229090033545013
2023-10-16,Edmonton,10.91666667,10.621826475998224
2023-10-17,Edmonton,6.125,10.830100366263686
2023-10-18,Edmonton,3.458333333,10.63450264130214
2023-10-19,Edmonton,3.666666667,10.991645791701316
2023-10-20,Edmonton,3.666666667,10.735842218125352
2023-10-21,Edmonton,6.708333333,12.073528071792058
2023-10-22,Edmonton,9.291666667,11.248645384052562
2023-10-23,Edmonton,3.541666667,10.641381826505773
2023-10-24,Edmonton,3.958333333,10.849655716771235
2023-10-25,Edmonton,7.25,10.654057991809688
2023-10-26,Edmonton,6.916666667,11.011201142208865
2023-10-27,Edmonton,6.416666667,10.755397568632901
2023-10-28,Edmonton,6.666666667,12.093083422299607
2023-10-29,Edmonton,5.875,11.26820073456011
2023-10-30,Edmonton,7.5,10.660937177013322
2023-10-31,Edmonton,12.625,10.869211067278783
2023-11-01,Edmonton,14.125,10.673613342317237
2023-11-02,Edmonton,13.04166667,11.030756492716414
2023-11-03,Edmonton,19.75,10.77495291914045
2023-11-04,Edmonton,15.0,12.112638772807156
2023-11-05,Edmonton,22.54166667,11.28775608506766
2023-11-06,Edmonton,12.16666667,10.68049252752087
2023-11-07,Edmonton,9.458333333,10.888766417786332
2023-11-08,Edmonton,2.875,10.693168692824786
2023-11-09,Edmonton,6.541666667,11.050311843223962
2023-11-10,Edmonton,6.375,10.794508269647999
2023-11-11,Edmonton,4.416666667,12.132194123314704
2023-11-12,Edmonton,4.166666667,11.307311435575208
2023-11-13,Edmonton,3.166666667,10.70004787802842
2023-11-14,Edmonton,4.875,10.908321768293881
2023-11-15,Edmonton,6.0,10.712724043332335
2023-11-16,Edmonton,5.166666667,11.069867193731511
2023-11-17,Edmonton,6.5,10.814063620155547
2023-11-18,Edmonton,5.458333333,12.151749473822253
2023-11-19,Edmonton,4.666666667,11.326866786082757
2023-11-20,Edmonton,3.041666667,10.719603228535968
2023-11-21,Edmonton,10.34782609,10.92787711880143
2023-11-22,Edmonton,7.0,10.732279393839883
2023-11-23,Edmonton,17.875,11.08942254423906
2023-11-24,Edmonton,7.541666667,10.833618970663096
2023-11-25,Edmonton,4.25,12.171304824329802
2023-11-26,Edmonton,5.130434783,11.346422136590306
2023-11-27,Edmonton,5.458333333,10.739158579043517
2023-11-28,Edmonton,4.708333333,10.947432469308978
2023-11-29,Edmonton,2.958333333,10.751834744347432
2023-11-30,Edmonton,8.166666667,11.108977894746609
2023-12-01,Edmonton,11.08333333,10.853174321170645
2023-12-02,Edmonton,14.45833333,12.19086017483735
2023-12-03,Edmonton,4.416666667,11.365977487097854
2023-12-04,Edmonton,4.166666667,10.758713929551066
2023-12-05,Edmonton,5.708333333,10.966987819816527
2023-12-06,Edmonton,8.958333333,10.771390094854981
2023-12-07,Edmonton,5.136363636,11.128533245254157
2023-12-08,Edmonton,5.5,10.872729671678194
2023-12-09,Edmonton,4.083333333,12.2104155253449
2023-12-10,Edmonton,5.25,11.385532837605403
2023-12-11,Edmonton,3.041666667,10.778269280058614
2023-12-12,Edmonton,7.041666667,10.986543170324076
2023-12-13,Edmonton,4.375,10.79094544536253
2023-12-14,Edmonton,4.625,11.148088595761706
2023-12-15,Edmonton,12.95833333,10.892285022185742
2023-12-16,Edmonton,3.541666667,12.229970875852448
2023-12-17,Edmonton,2.833333333,11.405088188112952
2023-12-18,Edmonton,5.625,10.797824630566163
2023-12-19,Edmonton,3.291666667,11.006098520831625
2023-12-20,Edmonton,11.0,10.810500795870079
2023-12-21,Edmonton,11.45833333,11.167643946269255
2023-12-22,Edmonton,6.125,10.911840372693291
2023-12-23,Edmonton,1.708333333,12.249526226359997
2023-12-24,Edmonton,3.041666667,11.4246435386205
2023-12-25,Edmonton,5.833333333,10.817379981073712
2023-12-26,Edmonton,6.375,11.025653871339173
2023-12-27,Edmonton,3.083333333,10.830056146377627
2023-12-28,Edmonton,4.583333333,11.187199296776804
2023-12-29,Edmonton,6.25,10.93139572320084
2023-12-30,Edmonton,3.625,12.269081576867546
2023-12-31,Edmonton,9.333333333,11.44419888912805
2023-01-01,Quebec,6.083333333,10.243202010062522
2023-01-02,Quebec,8.083333333,9.289547837887831
2023-01-03,Quebec,17.375,8.822781597547756
2023-01-04,Quebec,12.29166667,7.663894382346433
2023-01-05,Quebec,3.533333333,8.508803323466536
2023-01-06,Quebec,5.541666667,7.829999218983087
2023-01-07,Quebec,7.75,8.7335916723987
2023-01-08,Quebec,5.0,9.003043816088855
2023-01-09,Quebec,13.33333333,9.067796129051505
2023-01-10,Quebec,9.208333333,8.8461701022139
2023-01-11,Quebec,10.45833333,8.999836735332575
2023-01-12,Quebec,4.227272727,8.570626777634818
2023-01-13,Quebec,6.166666667,8.923849855420244
2023-01-14,Quebec,3.708333333,9.283889497506696
2023-01-15,Quebec,7.625,9.090931429817804
2023-01-16,Quebec,5.166666667,9.065719875026554
2023-01-17,Quebec,11.58333333,8.8224385836428
2023-01-18,Quebec,12.625,8.860155683993451
2023-01-19,Quebec,3.041666667,8.543499983300078
2023-01-20,Quebec,3.0,8.805554922128959
2023-01-21,Quebec,5.583333333,9.213611418236455
2023-01-22,Quebec,12.125,9.061502157009118
2023-01-23,Quebec,10.91666667,9.044237910758545
2023-01-24,Quebec,3.791666667,8.802869621485112
2023-01-25,Quebec,6.375,8.850829575271225
2023-01-26,Quebec,2.833333333,8.524230956046773
2023-01-27,Quebec,6.208333333,8.794339587400497
2023-01-28,Quebec,10.5,9.198154327750755
2023-01-29,Quebec,5.166666667,9.042436528156685
2023-01-30,Quebec,4.916666667,9.024470225462718
2023-01-31,Quebec,10.95833333,8.782932943699452
2023-02-01,Quebec,16.25,8.82998805514601
2023-02-02,Quebec,21.25,8.504267782343515
2023-02-03,Quebec,3.708333333,8.77366495941039
2023-02-04,Quebec,6.416666667,9.177854411771063
2023-02-05,Quebec,23.58333333,9.02245538646374
2023-02-06,Quebec,21.47368421,9.00455110265921
2023-02-07,Quebec,5.666666667,8.763028749505517
2023-02-08,Quebec,6.416666667,8.810163793723214
2023-02-09,Quebec,5.416666667,8.484365928769627
2023-02-10,Quebec,3.458333333,8.753825954921032
2023-02-11,Quebec,5.833333333,9.157982305637296
2023-02-12,Quebec,7.833333333,9.00255512016218
2023-02-13,Quebec,7.277777778,8.984645357677579
2023-02-14,Quebec,8.291666667,8.743121685747033
2023-02-15,Quebec,11.45833333,8.790249668792168
2023-02-16,Quebec,5.458333333,8.464458658243355
2023-02-17,Quebec,4.291666667,8.733913132376172
2023-02-18,Quebec,6.416666667,9.138072407255079
2023-02-19,Quebec,14.91666667,8.982647709418028
2023-02-20,Quebec,10.625,8.964738430913961
2023-02-21,Quebec,4.625,8.723214875482704
2023-02-22,Quebec,5.933333333,8.770343482304009
2023-02-23,Quebec,4.333333333,8.444551866244664
2023-02-24,Quebec,3.5,8.714006830836658
2023-02-25,Quebec,7.25,9.118165847398272
2023-02-26,Quebec,9.416666667,8.962740929806028
2023-02-27,Quebec,10.875,8.944831608547656
2023-02-28,Quebec,7.875,8.70330804282498
2023-03-01,Quebec,12.625,8.750436594542588
2023-03-02,Quebec,6.583333333,8.424645031973375
2023-03-03,Quebec,8.5,8.694099953238748
2023-03-04,Quebec,8.0,9.098258992619826
2023-03-05,Quebec,8.666666667,8.942834094440512
2023-03-06,Quebec,2.75,8.924924776959008
2023-03-07,Quebec,4.208333333,8.683401212145466
2023-03-08,Quebec,7.791666667,8.730529768730873
2023-03-09,Quebec,5.409090909,8.4047382014364
2023-03-10,Quebec,3.875,8.674193126529198
2023-03-11,Quebec,5.708333333,9.07835216389443
2023-03-12,Quebec,7.625,8.922927264000199
2023-03-13,Quebec,4.958333333,8.905017946185051
2023-03-14,Quebec,4.958333333,8.663494381291196
2023-03-15,Quebec,3.75,8.710622937446587
2023-03-16,Quebec,7.625,8.384831370569538
2023-03-17,Quebec,12.52173913,8.654286295324226
2023-03-18,Quebec,4.166666667,9.058445332867537
2023-03-19,Quebec,4.208333333,8.9030204331248
2023-03-20,Quebec,7.583333333,8.885111115339125
2023-03-21,Quebec,7.75,8.643587550452365
2023-03-22,Quebec,4.416666667,8.690716106645743
2023-03-23,Quebec,5.708333333,8.364924539731819
2023-03-24,Quebec,4.208333333,8.634379464516375
2023-03-25,Quebec,6.291666667,9.038538502043952
2023-03-26,Quebec,5.625,8.883113602287832
2023-03-27,Quebec,4.25,8.865204284499553
2023-03-28,Quebec,4.125,8.623680719612166
2023-03-29,Quebec,5.833333333,8.670809275802188
2023-03-30,Quebec,4.041666667,8.345017708891522
2023-03-31,Quebec,8.916666667,8.61447263367344
2023-04-01,Quebec,5.5,9.018631671202408
2023-04-02,Quebec,3.875,8.863206771447473
2023-04-03,Quebec,11.41666667,8.845297453659425
2023-04-04,Quebec,5.125,8.603773888772093
2023-04-05,Quebec,3.772727273,8.650902444962412
2023-04-06,Quebec,7.916666667,8.325110878051458
2023-04-07,Quebec,3.458333333,8.594565802833609
2023-04-08,Quebec,4.5,8.998724840362454
2023-04-09,Quebec,7.0,8.843299940607412
2023-04-10,Quebec,8.916666667,8.825390622819345
2023-04-11,Quebec,11.90909091,8.583867057932009
2023-04-12,Quebec,4.0,8.630995614122302
2023-04-13,Quebec,7.583333333,8.305204047211372
2023-04-14,Quebec,4.541666667,8.574658971993502
2023-04-15,Quebec,4.541666667,8.978818009522358
2023-04-16,Quebec,5.791666667,8.823393109767325
2023-04-17,Quebec,5.25,8.80548379197926
2023-04-18,Quebec,3.727272727,8.563960227091924
2023-04-19,Quebec,2.666666667,8.611088783282218
2023-04-20,Quebec,2.625,8.285297216371287
2023-04-21,Quebec,3.833333333,8.554752141153418
2023-04-22,Quebec,4.291666667,8.958911178682273
2023-04-23,Quebec,5.25,8.803486278927242
2023-04-24,Quebec,5.25,8.785576961139176
2023-04-25,Quebec,5.541666667,8.54405339625184
2023-04-26,Quebec,6.5,8.591181952442136
2023-04-27,Quebec,9.083333333,8.265390385531205
2023-04-28,Quebec,7.166666667,8.534845310313337
2023-04-29,Quebec,6.958333333,8.939004347842191
2023-04-30,Quebec,3.833333333,8.783579448087158
2023-05-01,Quebec,4.583333333,8.765670130299092
2023-05-02,Quebec,4.166666667,8.524146565411757
2023-05-03,Quebec,2.791666667,8.571275121602053
2023-05-04,Quebec,3.666666667,8.245483554691122
2023-05-05,Quebec,6.166666667,8.514938479473253
2023-05-06,Quebec,5.958333333,8.919097517002108
2023-05-07,Quebec,3.833333333,8.763672617247074
2023-05-08,Quebec,2.583333333,8.745763299459009
2023-05-09,Quebec,3.916666667,8.504239734571673
2023-05-10,Quebec,5.875,8.55136829076197
2023-05-11,Quebec,8.333333333,8.225576723851038
2023-05-12,Quebec,6.875,8.49503164863317
2023-05-13,Quebec,2.958333333,8.899190686162024
2023-05-14,Quebec,2.791666667,8.74376578640699
2023-05-15,Quebec,6.375,8.725856468618925
2023-05-16,Quebec,4.541666667,8.48433290373159
2023-05-17,Quebec,2.166666667,8.531461459921886
2023-05-18,Quebec,3.833333333,8.205669893010954
2023-05-19,Quebec,8.217391304,8.475124817793086
2023-05-20,Quebec,15.33333333,8.87928385532194
2023-05-21,Quebec,9.541666667,8.723858955566907
2023-05-22,Quebec,3.916666667,8.705949637778842
2023-05-23,Quebec,6.166666667,8.464426072891506
2023-05-24,Quebec,4.666666667,8.511554629081802
2023-05-25,Quebec,2.75,8.18576306217087
2023-05-26,Quebec,3.947368421,8.455217986953002
2023-05-27,Quebec,8.833333333,8.859377024481857
2023-05-28,Quebec,8.166666667,8.703952124726824
2023-05-29,Quebec,3.705882353,8.686042806938758
2023-05-30,Quebec,4.958333333,8.444519242051422
2023-05-31,Quebec,14.0,8.491647798241718
2023-06-01,Quebec,14.625,8.165856231330787
2023-06-02,Quebec,11.375,8.435311156112919
2023-06-03,Quebec,6.958333333,8.839470193641773
2023-06-04,Quebec,4.291666667,8.68404529388674
2023-06-05,Quebec,4.75,8.666135976098674
2023-06-06,Quebec,8.391304348,8.424612411211339
2023-06-07,Quebec,1.625,8.471740967401635
2023-06-08,Quebec,2.041666667,8.145949400490704
2023-06-09,Quebec,3.375,8.415404325272835
2023-06-10,Quebec,6.75,8.81956336280169
2023-06-11,Quebec,17.41666667,8.664138463046656
2023-06-12,Quebec,23.75,8.64622914525859
2023-06-13,Quebec,25.45833333,8.404705580371255
2023-06-14,Quebec,19.45833333,8.451834136561551
2023-06-15,Quebec,7.375,8.12604256965062
2023-06-16,Quebec,4.458333333,8.395497494432751
2023-06-17,Quebec,3.333333333,8.799656531961606
2023-06-18,Quebec,3.75,8.644231632206573
2023-06-19,Quebec,3.666666667,8.626322314418507
2023-06-20,Quebec,3.666666667,8.384798749531171
2023-06-21,Quebec,7.0,8.431927305721468
2023-06-22,Quebec,8.695652174,8.106135738810536
2023-06-23,Quebec,10.0,8.375590663592668
2023-06-24,Quebec,10.08333333,8.779749701121522
2023-06-25,Quebec,97.20833333,8.62432480136649
2023-06-26,Quebec,23.75,8.606415483578424
2023-06-27,Quebec,4.791666667,8.364891918691088
2023-06-28,Quebec,7.75,8.412020474881384
2023-06-29,Quebec,12.95833333,8.086228907970453
2023-06-30,Quebec,16.79166667,8.355683832752584
2023-07-01,Quebec,16.16666667,8.759842870281439
2023-07-02,Quebec,20.04166667,8.604417970526406
2023-07-03,Quebec,17.05882353,8.58650865273834
2023-07-04,Quebec,13.54166667,8.344985087851004
2023-07-05,Quebec,14.75,8.3921136440413
2023-07-06,Quebec,18.20833333,8.06632207713037
2023-07-07,Quebec,14.125,8.3357770019125
2023-07-08,Quebec,11.04166667,8.739936039441355
2023-07-09,Quebec,10.20833333,8.584511139686322
2023-07-10,Quebec,6.5,8.566601821898256
2023-07-11,Quebec,3.666666667,8.32507825701092
2023-07-12,Quebec,11.70588235,8.372206813201217
2023-07-13,Quebec,27.95833333,8.046415246290286
2023-07-14,Quebec,9.208333333,8.315870171072417
2023-07-15,Quebec,6.75,8.720029208601272
2023-07-16,Quebec,5.791666667,8.564604308846238
2023-07-17,Quebec,21.29166667,8.546694991058173
2023-07-18,Quebec,29.25,8.305171426170837
2023-07-19,Quebec,15.04166667,8.352299982361133
2023-07-20,Quebec,13.5,8.026508415450202
2023-07-21,Quebec,9.875,8.295963340232333
2023-07-22,Quebec,8.25,8.700122377761188
2023-07-23,Quebec,9.875,8.544697478006155
2023-07-24,Quebec,14.16666667,8.52678816021809
2023-07-25,Quebec,12.70833333,8.285264595330753
2023-07-26,Quebec,19.08333333,8.33239315152105
2023-07-27,Quebec,16.66666667,8.006601584610118
2023-07-28,Quebec,14.95652174,8.27605650939225
2023-07-29,Quebec,4.791666667,8.680215546921104
2023-07-30,Quebec,5.083333333,8.524790647166071
2023-07-31,Quebec,5.833333333,8.506881329378006
2023-08-01,Quebec,3.458333333,8.26535776449067
2023-08-02,Quebec,5.55,8.312486320680966
2023-08-03,Quebec,7.666666667,7.986694753770035
2023-08-04,Quebec,8.833333333,8.256149678552166
2023-08-05,Quebec,7.708333333,8.66030871608102
2023-08-06,Quebec,8.5,8.504883816325988
2023-08-07,Quebec,5.708333333,8.486974498537922
2023-08-08,Quebec,5.416666667,8.245450933650586
2023-08-09,Quebec,2.052631579,8.292579489840882
2023-08-10,Quebec,8.6875,7.966787922929951
2023-08-11,Quebec,6.875,8.236242847712083
2023-08-12,Quebec,13.04166667,8.640401885240937
2023-08-13,Quebec,8.375,8.484976985485904
2023-08-14,Quebec,6.916666667,8.467067667697838
2023-08-15,Quebec,6.75,8.225544102810503
2023-08-16,Quebec,6.625,8.272672659000799
2023-08-17,Quebec,5.434782609,7.946881092089868
2023-08-18,Quebec,3.571428571,8.216336016871999
2023-08-19,Quebec,4.083333333,8.620495054400854
2023-08-20,Quebec,11.29166667,8.46507015464582
2023-08-21,Quebec,9.75,8.447160836857755
2023-08-22,Quebec,5.333333333,8.205637271970419
2023-08-23,Quebec,6.458333333,8.252765828160715
2023-08-24,Quebec,10.29166667,7.926974261249784
2023-08-25,Quebec,4.75,8.196429186031915
2023-08-26,Quebec,3.590909091,8.60058822356077
2023-08-27,Quebec,6.375,8.445163323805737
2023-08-28,Quebec,8.75,8.427254006017671
2023-08-29,Quebec,9.125,8.185730441130335
2023-08-30,Quebec,7.291666667,8.232858997320632
2023-08-31,Quebec,3.791666667,7.9070674304097
2023-09-01,Quebec,6.0,8.176522355191832
2023-09-02,Quebec,7.125,8.580681392720686
2023-09-03,Quebec,11.66666667,8.425256492965653
2023-09-04,Quebec,16.08333333,8.407347175177588
2023-09-05,Quebec,20.66666667,8.165823610290252
2023-09-06,Quebec,24.41666667,8.212952166480548
2023-09-07,Quebec,18.33333333,7.887160599569617
2023-09-08,Quebec,9.458333333,8.156615524351748
2023-09-09,Quebec,4.291666667,8.560774561880603
2023-09-10,Quebec,5.583333333,8.40534966212557
2023-09-11,Quebec,4.0,8.387440344337504
2023-09-12,Quebec,2.875,8.145916779450168
2023-09-13,Quebec,3.647058824,8.193045335640464
2023-09-14,Quebec,5.458333333,7.867253768729533
2023-09-15,Quebec,8.375,8.136708693511665
2023-09-16,Quebec,7.458333333,8.54086773104052
2023-09-17,Quebec,7.416666667,8.385442831285486
2023-09-18,Quebec,9.166666667,8.36753351349742
2023-09-19,Quebec,2.625,8.126009948610085
2023-09-20,Quebec,5.083333333,8.17313850480038
2023-09-21,Quebec,6.590909091,7.84734693788945
2023-09-22,Quebec,11.125,8.116801862671581
2023-09-23,Quebec,10.25,8.520960900200436
2023-09-24,Quebec,11.25,8.365536000445402
2023-09-25,Quebec,10.0,8.347626682657337
2023-09-26,Quebec,7.541666667,8.106103117770001
2023-09-27,Quebec,13.83333333,8.153231673960297
2023-09-28,Quebec,17.375,7.827440107049366
2023-09-29,Quebec,23.0,8.096895031831497
2023-09-30,Quebec,24.45833333,8.501054069360352
2023-10-01,Quebec,16.73913043,8.345629169605319
2023-10-02,Quebec,9.583333333,8.327719851817253
2023-10-03,Quebec,11.5,8.086196286929917
2023-10-04,Quebec,11.0,8.133324843120214
2023-10-05,Quebec,13.54166667,7.807533276209282
2023-10-06,Quebec,7.625,8.076988200991414
2023-10-07,Quebec,3.875,8.481147238520268
2023-10-08,Quebec,2.375,8.325722338765235
2023-10-09,Quebec,3.235294118,8.30781302097717
2023-10-10,Quebec,5.4375,8.066289456089834
2023-10-11,Quebec,9.333333333,8.11341801228013
2023-10-12,Quebec,7.583333333,7.787626445369199
2023-10-13,Quebec,4.25,8.05708137015133
2023-10-14,Quebec,3.75,8.461240407680185
2023-10-15,Quebec,3.541666667,8.305815507925152
2023-10-16,Quebec,2.708333333,8.287906190137086
2023-10-17,Quebec,5.666666667,8.04638262524975
2023-10-18,Quebec,10.875,8.093511181440046
2023-10-19,Quebec,10.58333333,7.767719614529115
2023-10-20,Quebec,8.041666667,8.037174539311247
2023-10-21,Quebec,2.583333333,8.441333576840101
2023-10-22,Quebec,3.458333333,8.285908677085068
2023-10-23,Quebec,4.083333333,8.267999359297002
2023-10-24,Quebec,8.416666667,8.026475794409667
2023-10-25,Quebec,9.736842105,8.073604350599963
2023-10-26,Quebec,12.5,7.747812783689032
2023-10-27,Quebec,5.041666667,8.017267708471163
2023-10-28,Quebec,5.25,8.421426746000018
2023-10-29,Quebec,4.791666667,8.266001846244984
2023-10-30,Quebec,4.666666667,8.248092528456919
2023-10-31,Quebec,4.791666667,8.006568963569583
2023-11-01,Quebec,8.791666667,8.05369751975988
2023-11-02,Quebec,6.208333333,7.727905952848948
2023-11-03,Quebec,7.458333333,7.99736087763108
2023-11-04,Quebec,6.25,8.401519915159936
2023-11-05,Quebec,4.708333333,8.246095015404903
2023-11-06,Quebec,5.791666667,8.228185697616837
2023-11-07,Quebec,4.25,7.986662132729501
2023-11-08,Quebec,1.375,8.033790688919797
2023-11-09,Quebec,4.041666667,7.707999122008866
2023-11-10,Quebec,7.916666667,7.9774540467909985
2023-11-11,Quebec,1.833333333,8.381613084319854
2023-11-12,Quebec,3.125,8.22618818456482
2023-11-13,Quebec,7.916666667,8.208278866776755
2023-11-14,Quebec,11.91666667,7.966755301889419
2023-11-15,Quebec,14.54166667,8.013883858079716
2023-11-16,Quebec,14.29166667,7.688092291168784
2023-11-17,Quebec,12.54166667,7.957547215950917
2023-11-18,Quebec,3.583333333,8.361706253479772
2023-11-19,Quebec,8.625,8.206281353724739
2023-11-20,Quebec,3.041666667,8.188372035936673
2023-11-21,Quebec,6.958333333,7.9468484710493374
2023-11-22,Quebec,4.583333333,7.993977027239633
2023-11-23,Quebec,9.083333333,7.6681854603287025
2023-11-24,Quebec,4.625,7.937640385110835
2023-11-25,Quebec,6.791666667,8.34179942263969
2023-11-26,Quebec,10.125,8.186374522884657
2023-11-27,Quebec,8.208333333,8.168465205096592
2023-11-28,Quebec,2.708333333,7.926941640209256
2023-11-29,Quebec,6.875,7.974070196399551
2023-11-30,Quebec,13.70833333,7.648278629488621
2023-12-01,Quebec,17.33333333,7.917733554270753
2023-12-02,Quebec,5.0,8.321892591799608
2023-12-03,Quebec,3.791666667,8.166467692044575
2023-12-04,Quebec,3.708333333,8.14855837425651
2023-12-05,Quebec,8.416666667,7.907034809369174
2023-12-06,Quebec,24.54166667,7.954163365559469
2023-12-07,Quebec,10.875,7.628371798648539
2023-12-08,Quebec,32.91666667,7.897826723430671
2023-12-09,Quebec,9.166666667,8.301985760959527
2023-12-10,Quebec,12.70833333,8.146560861204494
2023-12-11,Quebec,5.166666667,8.128651543416428
2023-12-12,Quebec,5.25,7.887127978529092
2023-12-13,Quebec,3.916666667,7.934256534719387
2023-12-14,Quebec,5.708333333,7.608464967808457
2023-12-15,Quebec,11.0,7.877919892590589
2023-12-16,Quebec,10.875,8.282078930119445
2023-12-17,Quebec,7.541666667,8.126654030364412
2023-12-18,Quebec,2.208333333,8.108744712576346
2023-12-19,Quebec,4.0,7.86722114768901
2023-12-20,Quebec,6.25,7.914349703879306
2023-12-21,Quebec,3.75,7.588558136968375
2023-12-22,Quebec,7.625,7.8580130617505075
2023-12-23,Quebec,12.70833333,8.262172099279363
2023-12-24,Quebec,21.70833333,8.10674719952433
2023-12-25,Quebec,30.83333333,8.088837881736264
2023-12-26,Quebec,26.54166667,7.847314316848928
2023-12-27,Quebec,6.75,7.894442873039224
2023-12-28,Quebec,4.958333333,7.568651306128293
2023-12-29,Quebec,4.041666667,7.838106230910426
2023-12-30,Quebec,3.791666667,8.242265268439281
2023-12-31,Quebec,2.833333333,8.086840368684248
2023-01-01,Saint John,2.458333333,7.559232553354866
2023-01-02,Saint John,4.291666667,5.892405210161484
2023-01-03,Saint John,7.166666667,5.214171078028215
2023-01-04,Saint John,4.666666667,5.311310332063754
2023-01-05,Saint John,4.375,5.254974221755535
2023-01-06,Saint John,5.5,5.196752564423526
2023-01-07,Saint John,4.875,5.262892443569859
2023-01-08,Saint John,3.125,5.04702166376987
2023-01-09,Saint John,8.583333333,5.289961426090697
2023-01-10,Saint John,5.083333333,5.069007588409277
2023-01-11,Saint John,4.416666667,5.275639391086063
2023-01-12,Saint John,5.541666667,5.245520501054801
2023-01-13,Saint John,7.5,5.193576372628458
2023-01-14,Saint John,1.458333333,5.2612193618965035
2023-01-15,Saint John,4.25,5.045708491237825
2023-01-16,Saint John,0.833333333,5.288734431269872
2023-01-17,Saint John,1.916666667,5.067801228234974
2023-01-18,Saint John,4.130434783,5.274437971732665
2023-01-19,Saint John,1.875,5.2443202647462
2023-01-20,Saint John,1.833333333,5.192376419591609
2023-01-21,Saint John,4.333333333,5.260019476687082
2023-01-22,Saint John,5.041666667,5.044508622269203
2023-01-23,Saint John,3.208333333,5.287534566189995
2023-01-24,Saint John,4.583333333,5.066601364086229
2023-01-25,Saint John,3.083333333,5.273238107806872
2023-01-26,Saint John,5.375,5.243120400873792
2023-01-27,Saint John,3.083333333,5.1911765557319836
2023-01-28,Saint John,6.791666667,5.258819612830517
2023-01-29,Saint John,5.041666667,5.043308758413372
2023-01-30,Saint John,4.75,5.28633470233434
2023-01-31,Saint John,3.375,5.0654015002306165
2023-02-01,Saint John,7.25,5.272038243951269
2023-02-02,Saint John,7.166666667,5.241920537018191
2023-02-03,Saint John,5.083333333,5.189976691876383
2023-02-04,Saint John,3.916666667,5.257619748974917
2023-02-05,Saint John,7.625,5.042108894557772
2023-02-06,Saint John,9.833333333,5.285134838478739
2023-02-07,Saint John,4.75,5.0642016363750155
2023-02-08,Saint John,4.875,5.270838380095669
2023-02-09,Saint John,3.416666667,5.240720673162591
2023-02-10,Saint John,3.625,5.188776828020783
2023-02-11,Saint John,3.25,5.256419885119317
2023-02-12,Saint John,5.0,5.040909030702172
2023-02-13,Saint John,7.083333333,5.283934974623139
2023-02-14,Saint John,4.666666667,5.063001772519415
2023-02-15,Saint John,8.875,5.269638516240069
2023-02-16,Saint John,7.958333333,5.239520809306991
2023-02-17,Saint John,3.166666667,5.187576964165183
2023-02-18,Saint John,2.666666667,5.255220021263717
2023-02-19,Saint John,5.125,5.039709166846571
2023-02-20,Saint John,7.416666667,5.282735110767539
2023-02-21,Saint John,3.791666667,5.061801908663815
2023-02-22,Saint John,4.916666667,5.268438652384469
2023-02-23,Saint John,3.333333333,5.238320945451391
2023-02-24,Saint John,3.125,5.186377100309583
2023-02-25,Saint John,4.625,5.2540201574081165
2023-02-26,Saint John,5.25,5.038509302990971
2023-02-27,Saint John,6.416666667,5.281535246911939
2023-02-28,Saint John,4.666666667,5.060602044808215
2023-03-01,Saint John,5.0,5.267238788528869
2023-03-02,Saint John,6.333333333,5.237121081595791
2023-03-03,Saint John,3.583333333,5.185177236453983
2023-03-04,Saint John,5.083333333,5.252820293552516
2023-03-05,Saint John,2.916666667,5.037309439135371
2023-03-06,Saint John,2.666666667,5.280335383056339
2023-03-07,Saint John,2.458333333,5.059402180952615
2023-03-08,Saint John,2.125,5.266038924673269
2023-03-09,Saint John,4.458333333,5.235921217740191
2023-03-10,Saint John,4.666666667,5.183977372598383
2023-03-11,Saint John,3.333333333,5.251620429696916
2023-03-12,Saint John,4.708333333,5.036109575279771
2023-03-13,Saint John,4.583333333,5.2791355192007385
2023-03-14,Saint John,3.75,5.058202317097015
2023-03-15,Saint John,1.791666667,5.2648390608176685
2023-03-16,Saint John,1.791666667,5.2347213538845905
2023-03-17,Saint John,2.625,5.182777508742783
2023-03-18,Saint John,8.625,5.250420565841316
2023-03-19,Saint John,3.125,5.034909711424171
2023-03-20,Saint John,6.041666667,5.277935655345138
2023-03-21,Saint John,8.583333333,5.057002453241415
2023-03-22,Saint John,4.416666667,5.263639196962068
2023-03-23,Saint John,3.791666667,5.23352149002899
2023-03-24,Saint John,5.666666667,5.181577644887183
2023-03-25,Saint John,2.875,5.249220701985716
2023-03-26,Saint John,2.625,5.033709847568571
2023-03-27,Saint John,4.333333333,5.276735791489538
2023-03-28,Saint John,5.208333333,5.055802589385815
2023-03-29,Saint John,4.041666667,5.262439333106468
2023-03-30,Saint John,4.916666667,5.23232162617339
2023-03-31,Saint John,3.75,5.1803777810315825
2023-04-01,Saint John,4.0,5.248020838130116
2023-04-02,Saint John,5.583333333,5.032509983712971
2023-04-03,Saint John,6.333333333,5.275535927633938
2023-04-04,Saint John,9.541666667,5.054602725530215
2023-04-05,Saint John,4.041666667,5.261239469250868
2023-04-06,Saint John,3.0,5.23112176231779
2023-04-07,Saint John,3.416666667,5.179177917175982
2023-04-08,Saint John,3.958333333,5.246820974274516
2023-04-09,Saint John,5.0,5.031310119857371
2023-04-10,Saint John,6.333333333,5.274336063778338
2023-04-11,Saint John,12.33333333,5.0534028616746145
2023-04-12,Saint John,4.869565217,5.260039605395268
2023-04-13,Saint John,5.166666667,5.22992189846219
2023-04-14,Saint John,5.875,5.177978053320382
2023-04-15,Saint John,4.875,5.245621110418916
2023-04-16,Saint John,6.666666667,5.0301102560017705
2023-04-17,Saint John,5.125,5.273136199922738
2023-04-18,Saint John,5.291666667,5.052202997819014
2023-04-19,Saint John,6.125,5.258839741539668
2023-04-20,Saint John,2.291666667,5.22872203460659
2023-04-21,Saint John,3.916666667,5.176778189464782
2023-04-22,Saint John,3.0,5.2444212465633155
2023-04-23,Saint John,5.083333333,5.02891039214617
2023-04-24,Saint John,6.916666667,5.271936336067138
2023-04-25,Saint John,7.0,5.051003133963414
2023-04-26,Saint John,7.0,5.257639877684068
2023-04-27,Saint John,6.625,5.22752217075099
2023-04-28,Saint John,6.708333333,5.175578325609182
2023-04-29,Saint John,5.25,5.243221382707715
2023-04-30,Saint John,4.708333333,5.02771052829057
2023-05-01,Saint John,4.625,5.270736472211538
2023-05-02,Saint John,2.25,5.049803270107814
2023-05-03,Saint John,1.916666667,5.256440013828468
2023-05-04,Saint John,2.791666667,5.22632230689539
2023-05-05,Saint John,6.416666667,5.174378461753582
2023-05-06,Saint John,5.541666667,5.242021518852115
2023-05-07,Saint John,6.208333333,5.02651066443497
2023-05-08,Saint John,6.625,5.269536608355938
2023-05-09,Saint John,2.0,5.048603406252214
2023-05-10,Saint John,4.590909091,5.255240149972868
2023-05-11,Saint John,9.708333333,5.22512244303979
2023-05-12,Saint John,10.20833333,5.173178597897982
2023-05-13,Saint John,7.583333333,5.240821654996515
2023-05-14,Saint John,2.166666667,5.02531080057937
2023-05-15,Saint John,6.375,5.2683367445003375
2023-05-16,Saint John,8.791666667,5.047403542396614
2023-05-17,Saint John,4.041666667,5.2540402861172675
2023-05-18,Saint John,2.583333333,5.2239225791841895
2023-05-19,Saint John,8.333333333,5.171978734042382
2023-05-20,Saint John,8.75,5.239621791140915
2023-05-21,Saint John,5.208333333,5.02411093672377
2023-05-22,Saint John,4.625,5.267136880644737
2023-05-23,Saint John,4.083333333,5.046203678541014
2023-05-24,Saint John,3.666666667,5.252840422261667
2023-05-25,Saint John,4.375,5.222722715328589
2023-05-26,Saint John,1.583333333,5.170778870186782
2023-05-27,Saint John,6.5,5.238421927285315
2023-05-28,Saint John,8.666666667,5.02291107286817
2023-05-29,Saint John,3.583333333,5.265937016789137
2023-05-30,Saint John,5.458333333,5.045003814685414
2023-05-31,Saint John,8.208333333,5.251640558406067
2023-06-01,Saint John,14.04166667,5.221522851472989
2023-06-02,Saint John,12.0,5.1695790063311815
2023-06-03,Saint John,0.958333333,5.237222063429715
2023-06-04,Saint John,2.708333333,5.02171120901257
2023-06-05,Saint John,1.083333333,5.264737152933537
2023-06-06,Saint John,0.75,5.043803950829814
2023-06-07,Saint John,1.708333333,5.250440694550467
2023-06-08,Saint John,3.041666667,5.220322987617389
2023-06-09,Saint John,8.75,5.168379142475581
2023-06-10,Saint John,7.916666667,5.236022199574115
2023-06-11,Saint John,12.66666667,5.02051134515697
2023-06-12,Saint John,19.16666667,5.263537289077937
2023-06-13,Saint John,19.79166667,5.0426040869742135
2023-06-14,Saint John,7.541666667,5.249240830694867
2023-06-15,Saint John,5.875,5.219123123761789
2023-06-16,Saint John,4.958333333,5.167179278619981
2023-06-17,Saint John,5.333333333,5.234822335718515
2023-06-18,Saint John,1.0,5.0193114813013695
2023-06-19,Saint John,1.875,5.262337425222337
2023-06-20,Saint John,4.75,5.041404223118613
2023-06-21,Saint John,5.666666667,5.248040966839267
2023-06-22,Saint John,5.75,5.217923259906189
2023-06-23,Saint John,2.958333333,5.165979414764381
2023-06-24,Saint John,2.25,5.2336224718629145
2023-06-25,Saint John,4.083333333,5.018111617445769
2023-06-26,Saint John,13.83333333,5.261137561366737
2023-06-27,Saint John,3.0,5.040204359263013
2023-06-28,Saint John,1.333333333,5.246841102983667
2023-06-29,Saint John,2.75,5.216723396050589
2023-06-30,Saint John,2.083333333,5.164779550908781
2023-07-01,Saint John,5.625,5.232422608007314
2023-07-02,Saint John,4.875,5.016911753590169
2023-07-03,Saint John,2.291666667,5.259937697511137
2023-07-04,Saint John,4.875,5.039004495407413
2023-07-05,Saint John,4.375,5.245641239128067
2023-07-06,Saint John,4.125,5.215523532194989
2023-07-07,Saint John,3.875,5.163579687053181
2023-07-08,Saint John,2.208333333,5.231222744151714
2023-07-09,Saint John,7.291666667,5.015711889734569
2023-07-10,Saint John,4.347826087,5.258737833655537
2023-07-11,Saint John,2.25,5.037804631551813
2023-07-12,Saint John,4.5,5.244441375272467
2023-07-13,Saint John,11.33333333,5.2143236683393885
2023-07-14,Saint John,9.125,5.162379823197581
2023-07-15,Saint John,4.666666667,5.230022880296114
2023-07-16,Saint John,4.791666667,5.014512025878969
2023-07-17,Saint John,4.208333333,5.2575379697999365
2023-07-18,Saint John,3.25,5.036604767696213
2023-07-19,Saint John,4.625,5.2432415114168665
2023-07-20,Saint John,9.875,5.213123804483788
2023-07-21,Saint John,11.08333333,5.161179959341981
2023-07-22,Saint John,4.125,5.228823016440514
2023-07-23,Saint John,3.375,5.013312162023369
2023-07-24,Saint John,6.375,5.256338105944336
2023-07-25,Saint John,7.5,5.035404903840613
2023-07-26,Saint John,5.666666667,5.242041647561266
2023-07-27,Saint John,11.41666667,5.211923940628188
2023-07-28,Saint John,11.83333333,5.159980095486381
2023-07-29,Saint John,8.875,5.227623152584914
2023-07-30,Saint John,3.416666667,5.012112298167769
2023-07-31,Saint John,5.875,5.255138242088736
2023-08-01,Saint John,4.708333333,5.034205039985013
2023-08-02,Saint John,4.375,5.240841783705666
2023-08-03,Saint John,4.166666667,5.210724076772588
2023-08-04,Saint John,4.416666667,5.1587802316307805
2023-08-05,Saint John,6.0,5.226423288729314
2023-08-06,Saint John,7.75,5.010912434312169
2023-08-07,Saint John,6.083333333,5.253938378233136
2023-08-08,Saint John,6.125,5.033005176129413
2023-08-09,Saint John,4.458333333,5.239641919850066
2023-08-10,Saint John,6.708333333,5.209524212916988
2023-08-11,Saint John,10.17391304,5.15758036777518
2023-08-12,Saint John,5.958333333,5.225223424873714
2023-08-13,Saint John,6.833333333,5.009712570456569
2023-08-14,Saint John,5.083333333,5.252738514377536
2023-08-15,Saint John,6.625,5.0318053122738124
2023-08-16,Saint John,4.625,5.238442055994466
2023-08-17,Saint John,5.791666667,5.208324349061388
2023-08-18,Saint John,1.75,5.15638050391958
2023-08-19,Saint John,7.375,5.224023561018114
2023-08-20,Saint John,8.625,5.0085127066009685
2023-08-21,Saint John,15.91666667,5.251538650521936
2023-08-22,Saint John,6.916666667,5.030605448418212
2023-08-23,Saint John,5.0,5.237242192138866
2023-08-24,Saint John,8.291666667,5.207124485205788
2023-08-25,Saint John,5.625,5.15518064006398
2023-08-26,Saint John,4.916666667,5.2228236971625135
2023-08-27,Saint John,3.833333333,5.007312842745368
2023-08-28,Saint John,4.916666667,5.250338786666336
2023-08-29,Saint John,4.208333333,5.029405584562612
2023-08-30,Saint John,3.041666667,5.236042328283266
2023-08-31,Saint John,3.833333333,5.205924621350188
2023-09-01,Saint John,4.708333333,5.15398077620838
2023-09-02,Saint John,7.041666667,5.221623833306913
2023-09-03,Saint John,7.25,5.006112978889768
2023-09-04,Saint John,4.75,5.249138922810736
2023-09-05,Saint John,8.791666667,5.028205720707012
2023-09-06,Saint John,7.833333333,5.234842464427666
2023-09-07,Saint John,4.541666667,5.204724757494588
2023-09-08,Saint John,14.33333333,5.15278091235278
2023-09-09,Saint John,7.958333333,5.220423969451313
2023-09-10,Saint John,4.125,5.004913115034168
2023-09-11,Saint John,2.772727273,5.247939058955136
2023-09-12,Saint John,2.416666667,5.027005856851412
2023-09-13,Saint John,1.875,5.2336426005720655
2023-09-14,Saint John,14.79166667,5.2035248936389875
2023-09-15,Saint John,4.416666667,5.15158104849718
2023-09-16,Saint John,2.708333333,5.219224105595713
2023-09-17,Saint John,4.166666667,5.003713251178568
2023-09-18,Saint John,8.708333333,5.2467391950995355
2023-09-19,Saint John,5.416666667,5.025805992995812
2023-09-20,Saint John,4.041666667,5.232442736716465
2023-09-21,Saint John,3.333333333,5.202325029783387
2023-09-22,Saint John,3.833333333,5.15038118464158
2023-09-23,Saint John,3.416666667,5.218024241740113
2023-09-24,Saint John,6.458333333,5.002513387322968
2023-09-25,Saint John,10.125,5.245539331243935
2023-09-26,Saint John,6.25,5.024606129140212
2023-09-27,Saint John,8.0,5.231242872860865
2023-09-28,Saint John,10.79166667,5.201125165927787
2023-09-29,Saint John,15.75,5.14918132078598
2023-09-30,Saint John,19.875,5.216824377884513
2023-10-01,Saint John,18.375,5.001313523467368
2023-10-02,Saint John,7.625,5.244339467388335
2023-10-03,Saint John,9.625,5.023406265284612
2023-10-04,Saint John,4.041666667,5.230043009005265
2023-10-05,Saint John,4.583333333,5.199925302072187
2023-10-06,Saint John,3.541666667,5.1479814569303795
2023-10-07,Saint John,4.625,5.215624514028913
2023-10-08,Saint John,5.583333333,5.000113659611768
2023-10-09,Saint John,5.083333333,5.243139603532735
2023-10-10,Saint John,4.583333333,5.0222064014290115
2023-10-11,Saint John,4.708333333,5.228843145149665
2023-10-12,Saint John,5.541666667,5.198725438216587
2023-10-13,Saint John,2.708333333,5.146781593074779
2023-10-14,Saint John,3.375,5.214424650173313
2023-10-15,Saint John,3.5,4.998913795756168
2023-10-16,Saint John,2.666666667,5.241939739677135
2023-10-17,Saint John,3.416666667,5.021006537573411
2023-10-18,Saint John,4.166666667,5.227643281294065
2023-10-19,Saint John,5.541666667,5.197525574360987
2023-10-20,Saint John,4.416666667,5.145581729219179
2023-10-21,Saint John,1.875,5.213224786317713
2023-10-22,Saint John,1.583333333,4.9977139319005675
2023-10-23,Saint John,3.541666667,5.240739875821535
2023-10-24,Saint John,5.0,5.019806673717811
2023-10-25,Saint John,7.5,5.226443417438465
2023-10-26,Saint John,9.583333333,5.196325710505387
2023-10-27,Saint John,10.16666667,5.144381865363579
2023-10-28,Saint John,11.41666667,5.2120249224621125
2023-10-29,Saint John,3.75,4.996514068044967
2023-10-30,Saint John,4.5,5.239540011965935
2023-10-31,Saint John,3.625,5.018606809862211
2023-11-01,Saint John,4.166666667,5.225243553582865
2023-11-02,Saint John,3.75,5.195125846649787
2023-11-03,Saint John,6.583333333,5.143182001507979
2023-11-04,Saint John,9.625,5.210825058606512
2023-11-05,Saint John,7.333333333,4.995314204189367
2023-11-06,Saint John,3.75,5.238340148110335
2023-11-07,Saint John,7.166666667,5.017406946006611
2023-11-08,Saint John,5.708333333,5.224043689727265
2023-11-09,Saint John,4.541666667,5.193925982794187
2023-11-10,Saint John,3.666666667,5.141982137652379
2023-11-11,Saint John,5.416666667,5.209625194750912
2023-11-12,Saint John,4.916666667,4.994114340333767
2023-11-13,Saint John,4.791666667,5.2371402842547345
2023-11-14,Saint John,5.166666667,5.016207082151011
2023-11-15,Saint John,6.875,5.2228438258716645
2023-11-16,Saint John,8.875,5.1927261189385865
2023-11-17,Saint John,11.95833333,5.140782273796779
2023-11-18,Saint John,6.875,5.208425330895312
2023-11-19,Saint John,4.916666667,4.992914476478167
2023-11-20,Saint John,5.291666667,5.235940420399134
2023-11-21,Saint John,4.166666667,5.015007218295411
2023-11-22,Saint John,3.0,5.221643962016064
2023-11-23,Saint John,2.565217391,5.191526255082986
2023-11-24,Saint John,3.958333333,5.139582409941179
2023-11-25,Saint John,2.583333333,5.207225467039712
2023-11-26,Saint John,5.125,4.991714612622567
2023-11-27,Saint John,6.041666667,5.234740556543534
2023-11-28,Saint John,4.045454545,5.013807354439811
2023-11-29,Saint John,3.090909091,5.220444098160464
2023-11-30,Saint John,5.625,5.190326391227386
2023-12-01,Saint John,13.33333333,5.1383825460855785
2023-12-02,Saint John,7.333333333,5.206025603184112
2023-12-03,Saint John,3.75,4.990514748766967
2023-12-04,Saint John,2.25,5.233540692687934
2023-12-05,Saint John,2.75,5.012607490584211
2023-12-06,Saint John,4.608695652,5.219244234304864
2023-12-07,Saint John,4.458333333,5.189126527371786
2023-12-08,Saint John,4.541666667,5.137182682229978
2023-12-09,Saint John,5.0,5.204825739328512
2023-12-10,Saint John,5.333333333,4.989314884911367
2023-12-11,Saint John,10.08695652,5.232340828832334
2023-12-12,Saint John,2.208333333,5.0114076267286105
2023-12-13,Saint John,4.208333333,5.218044370449264
2023-12-14,Saint John,1.708333333,5.187926663516186
2023-12-15,Saint John,6.291666667,5.135982818374378
2023-12-16,Saint John,4.291666667,5.203625875472912
2023-12-17,Saint John,7.375,4.9881150210557665
2023-12-18,Saint John,8.166666667,5.231140964976734
2023-12-19,Saint John,11.08333333,5.01020776287301
2023-12-20,Saint John,3.458333333,5.216844506593664
2023-12-21,Saint John,1.916666667,5.186726799660586
2023-12-22,Saint John,2.208333333,5.134782954518778
2023-12-23,Saint John,4.083333333,5.2024260116173116
2023-12-24,Saint John,6.625,4.986915157200166
2023-12-25,Saint John,8.208333333,5.229941101121134
2023-12-26,Saint John,5.5,5.00900789901741
2023-12-27,Saint John,7.666666667,5.215644642738064
2023-12-28,Saint John,5.5,5.185526935804986
2023-12-29,Saint John,2.375,5.133583090663178
2023-12-30,Saint John,2.8,5.201226147761711
2023-12-31,Saint John,2.083333333,4.985715293344566
2023-01-01,Kitimat,3.75,3.8128235705106404
2023-01-02,Kitimat,10.04166667,4.662073528343735
2023-01-03,Kitimat,7.444444444,4.724618830185448
2023-01-04,Kitimat,3.833333333,4.738626773395358
2023-01-05,Kitimat,4.041666667,4.724803428564045
2023-01-06,Kitimat,3.458333333,4.8283689421509575
2023-01-07,Kitimat,6.125,4.766400913641174
2023-01-08,Kitimat,3.541666667,4.330498601243037
2023-01-09,Kitimat,3.875,5.026281143227911
2023-01-10,Kitimat,4.0,4.980944886667675
2023-01-11,Kitimat,4.458333333,4.919116336646061
2023-01-12,Kitimat,4.625,4.851982919260669
2023-01-13,Kitimat,5.75,4.918073548202732
2023-01-14,Kitimat,6.291666667,4.829762149446735
2023-01-15,Kitimat,3.75,4.375341483689915
2023-01-16,Kitimat,6.458333333,5.058106351477757
2023-01-17,Kitimat,6.958333333,5.003619181862898
2023-01-18,Kitimat,3.708333333,4.935357899813595
2023-01-19,Kitimat,1.782608696,4.863702524772934
2023-01-20,Kitimat,1.791666667,4.926614395304414
2023-01-21,Kitimat,1.5,4.8360684543869965
2023-01-22,Kitimat,3.458333333,4.38007699336164
2023-01-23,Kitimat,3.541666667,5.061737653845518
2023-01-24,Kitimat,1.541666667,5.006474269917725
2023-01-25,Kitimat,2.291666667,4.937667339730214
2023-01-26,Kitimat,3.25,4.8656283955054125
2023-01-27,Kitimat,3.363636364,4.928270631983883
2023-01-28,Kitimat,3.916666667,4.837535148930266
2023-01-29,Kitimat,3.708333333,4.381410447236701
2023-01-30,Kitimat,3.875,5.062977444770372
2023-01-31,Kitimat,2.125,5.007648219471777
2023-02-01,Kitimat,5.0,4.938795005389733
2023-02-02,Kitimat,4.541666667,4.866723525407139
2023-02-03,Kitimat,4.458333333,4.929342890527314
2023-02-04,Kitimat,6.625,4.838591329808207
2023-02-05,Kitimat,3.458333333,4.382455326148039
2023-02-06,Kitimat,3.541666667,5.064014378843625
2023-02-07,Kitimat,5.0,5.00867956863628
2023-02-08,Kitimat,3.260869565,4.939822428583004
2023-02-09,Kitimat,5.791666667,4.867748188797019
2023-02-10,Kitimat,4.583333333,4.930365613883937
2023-02-11,Kitimat,1.833333333,4.839612689397739
2023-02-12,Kitimat,1.583333333,4.383475727062935
2023-02-13,Kitimat,2.625,5.0650341058479516
2023-02-14,Kitimat,3.458333333,5.009698821907976
2023-02-15,Kitimat,2.958333333,4.94084134883929
2023-02-16,Kitimat,4.125,4.868766874956567
2023-02-17,Kitimat,3.666666667,4.931384135482683
2023-02-18,Kitimat,1.958333333,4.840631095316714
2023-02-19,Kitimat,1.347826087,4.384494051663578
2023-02-20,Kitimat,3.791666667,5.0660523732850065
2023-02-21,Kitimat,3.0,5.010717049161276
2023-02-22,Kitimat,3.416666667,4.94185954784499
2023-02-23,Kitimat,4.727272727,4.869785054105315
2023-02-24,Kitimat,4.208333333,4.932402300672775
2023-02-25,Kitimat,4.0,4.841649250694419
2023-02-26,Kitimat,6.333333333,4.3855122001435625
2023-02-27,Kitimat,5.083333333,5.067070516916163
2023-02-28,Kitimat,3.208333333,5.011735189383898
2023-03-01,Kitimat,2.875,4.942877685671547
2023-03-02,Kitimat,2.782608696,4.870803190247533
2023-03-03,Kitimat,4.0,4.933420435630968
2023-03-04,Kitimat,3.833333333,4.842667384820289
2023-03-05,Kitimat,3.708333333,4.386530333684342
2023-03-06,Kitimat,3.666666667,5.068088650045647
2023-03-07,Kitimat,4.583333333,5.012753322224257
2023-03-08,Kitimat,5.541666667,4.943895818308663
2023-03-09,Kitimat,4.5,4.871821322741775
2023-03-10,Kitimat,4.5,4.9344385680247775
2023-03-11,Kitimat,6.666666667,4.8436855171434985
2023-03-12,Kitimat,5.375,4.387548465957922
2023-03-13,Kitimat,4.125,5.06910678228434
2023-03-14,Kitimat,4.041666667,5.013771454438426
2023-03-15,Kitimat,3.375,4.944913950505592
2023-03-16,Kitimat,3.416666667,4.872839454926586
2023-03-17,Kitimat,4.208333333,4.935456700201069
2023-03-18,Kitimat,4.833333333,4.8447036493138
2023-03-19,Kitimat,4.75,4.388566598124013
2023-03-20,Kitimat,7.958333333,5.070124914447472
2023-03-21,Kitimat,6.333333333,5.014789586599477
2023-03-22,Kitimat,5.666666667,4.9459320826651805
2023-03-23,Kitimat,5.375,4.873857587085147
2023-03-24,Kitimat,3.181818182,4.936474832358907
2023-03-25,Kitimat,2.75,4.845721781471131
2023-03-26,Kitimat,2.5,4.389584730280987
2023-03-27,Kitimat,3.0,5.0711430466041945
2023-03-28,Kitimat,3.75,5.015807718756022
2023-03-29,Kitimat,3.958333333,4.946950214821602
2023-03-30,Kitimat,6.25,4.87487571924148
2023-03-31,Kitimat,1.875,4.9374929645151795
2023-04-01,Kitimat,2.166666667,4.84673991362736
2023-04-02,Kitimat,3.958333333,4.390602862437186
2023-04-03,Kitimat,3.541666667,5.072161178760372
2023-04-04,Kitimat,3.416666667,5.016825850912186
2023-04-05,Kitimat,2.625,4.9479683469777545
2023-04-06,Kitimat,3.875,4.875893851397626
2023-04-07,Kitimat,2.708333333,4.93851109667132
2023-04-08,Kitimat,2.083333333,4.847758045783497
2023-04-09,Kitimat,2.125,4.39162099459332
2023-04-10,Kitimat,3.041666667,5.073179310916505
2023-04-11,Kitimat,2.583333333,5.0178439830683175
2023-04-12,Kitimat,2.125,4.948986479133885
2023-04-13,Kitimat,3.625,4.8769119835537555
2023-04-14,Kitimat,3.541666667,4.93952922882745
2023-04-15,Kitimat,2.833333333,4.848776177939627
2023-04-16,Kitimat,3.625,4.39263912674945
2023-04-17,Kitimat,1.875,5.074197443072634
2023-04-18,Kitimat,2.909090909,5.018862115224446
2023-04-19,Kitimat,2.666666667,4.950004611290014
2023-04-20,Kitimat,3.583333333,4.877930115709884
2023-04-21,Kitimat,2.375,4.940547360983578
2023-04-22,Kitimat,1.791666667,4.849794310095755
2023-04-23,Kitimat,2.375,4.393657258905578
2023-04-24,Kitimat,2.083333333,5.075215575228762
2023-04-25,Kitimat,2.541666667,5.019880247380574
2023-04-26,Kitimat,2.0,4.951022743446142
2023-04-27,Kitimat,6.333333333,4.8789482478660124
2023-04-28,Kitimat,4.416666667,4.941565493139706
2023-04-29,Kitimat,3.833333333,4.850812442251883
2023-04-30,Kitimat,4.833333333,4.394675391061706
2023-05-01,Kitimat,3.791666667,5.07623370738489
2023-05-02,Kitimat,3.0,5.020898379536702
2023-05-03,Kitimat,3.916666667,4.95204087560227
2023-05-04,Kitimat,6.958333333,4.8799663800221404
2023-05-05,Kitimat,4.5,4.942583625295834
2023-05-06,Kitimat,2.666666667,4.851830574408011
2023-05-07,Kitimat,3.208333333,4.395693523217834
2023-05-08,Kitimat,3.375,5.077251839541018
2023-05-09,Kitimat,3.583333333,5.02191651169283
2023-05-10,Kitimat,3.5,4.953059007758398
2023-05-11,Kitimat,7.291666667,4.8809845121782685
2023-05-12,Kitimat,4.166666667,4.943601757451962
2023-05-13,Kitimat,5.5,4.852848706564139
2023-05-14,Kitimat,5.041666667,4.396711655373962
2023-05-15,Kitimat,5.391304348,5.0782699716971464
2023-05-16,Kitimat,7.916666667,5.022934643848958
2023-05-17,Kitimat,7.25,4.954077139914526
2023-05-18,Kitimat,8.25,4.8820026443343965
2023-05-19,Kitimat,4.75,4.94461988960809
2023-05-20,Kitimat,3.375,4.853866838720267
2023-05-21,Kitimat,3.583333333,4.39772978753009
2023-05-22,Kitimat,4.791666667,5.0792881038532744
2023-05-23,Kitimat,5.826086957,5.023952776005086
2023-05-24,Kitimat,4.916666667,4.955095272070654
2023-05-25,Kitimat,4.5,4.8830207764905245
2023-05-26,Kitimat,3.227272727,4.945638021764218
2023-05-27,Kitimat,3.75,4.854884970876395
2023-05-28,Kitimat,4.045454545,4.398747919686218
2023-05-29,Kitimat,2.208333333,5.0803062360094025
2023-05-30,Kitimat,2.315789474,5.024970908161214
2023-05-31,Kitimat,1.545454545,4.956113404226782
2023-06-01,Kitimat,1.958333333,4.8840389086466525
2023-06-02,Kitimat,3.125,4.946656153920346
2023-06-03,Kitimat,3.541666667,4.855903103032523
2023-06-04,Kitimat,1.666666667,4.399766051842346
2023-06-05,Kitimat,2.625,5.0813243681655305
2023-06-06,Kitimat,3.083333333,5.025989040317342
2023-06-07,Kitimat,2.583333333,4.95713153638291
2023-06-08,Kitimat,4.125,4.8850570408027805
2023-06-09,Kitimat,3.458333333,4.947674286076474
2023-06-10,Kitimat,3.458333333,4.856921235188651
2023-06-11,Kitimat,4.208333333,4.400784183998474
2023-06-12,Kitimat,3.75,5.0823425003216585
2023-06-13,Kitimat,4.708333333,5.02700717247347
2023-06-14,Kitimat,3.708333333,4.958149668539038
2023-06-15,Kitimat,2.583333333,4.8860751729589085
2023-06-16,Kitimat,1.833333333,4.948692418232602
2023-06-17,Kitimat,2.75,4.857939367344779
2023-06-18,Kitimat,2.541666667,4.401802316154602
2023-06-19,Kitimat,3.347826087,5.0833606324777865
2023-06-20,Kitimat,5.125,5.028025304629598
2023-06-21,Kitimat,5.583333333,4.959167800695166
2023-06-22,Kitimat,4.541666667,4.8870933051150365
2023-06-23,Kitimat,4.833333333,4.94971055038873
2023-06-24,Kitimat,4.458333333,4.858957499500907
2023-06-25,Kitimat,2.083333333,4.40282044831073
2023-06-26,Kitimat,3.583333333,5.0843787646339145
2023-06-27,Kitimat,2.916666667,5.029043436785726
2023-06-28,Kitimat,2.958333333,4.960185932851294
2023-06-29,Kitimat,1.272727273,4.8881114372711645
2023-06-30,Kitimat,1.416666667,4.950728682544858
2023-07-01,Kitimat,3.833333333,4.859975631657035
2023-07-02,Kitimat,1.875,4.403838580466858
2023-07-03,Kitimat,2.583333333,5.0853968967900425
2023-07-04,Kitimat,7.875,5.030061568941854
2023-07-05,Kitimat,4.5,4.961204065007422
2023-07-06,Kitimat,6.083333333,4.8891295694272925
2023-07-07,Kitimat,10.95833333,4.951746814700986
2023-07-08,Kitimat,9.958333333,4.860993763813163
2023-07-09,Kitimat,2.416666667,4.404856712622986
2023-07-10,Kitimat,3.708333333,5.0864150289461705
2023-07-11,Kitimat,2.75,5.031079701097982
2023-07-12,Kitimat,12.33333333,4.96222219716355
2023-07-13,Kitimat,3.916666667,4.8901477015834205
2023-07-14,Kitimat,2.916666667,4.952764946857114
2023-07-15,Kitimat,5.454545455,4.862011895969291
2023-07-16,Kitimat,1.5,4.405874844779114
2023-07-17,Kitimat,2.291666667,5.0874331611022985
2023-07-18,Kitimat,0.583333333,5.03209783325411
2023-07-19,Kitimat,4.791666667,4.963240329319678
2023-07-20,Kitimat,3.791666667,4.8911658337395485
2023-07-21,Kitimat,2.041666667,4.953783079013242
2023-07-22,Kitimat,2.833333333,4.863030028125419
2023-07-23,Kitimat,3.75,4.406892976935242
2023-07-24,Kitimat,2.791666667,5.0884512932584265
2023-07-25,Kitimat,2.458333333,5.033115965410238
2023-07-26,Kitimat,3.954545455,4.964258461475806
2023-07-27,Kitimat,2.3125,4.8921839658956765
2023-07-28,Kitimat,5.217391304,4.95480121116937
2023-07-29,Kitimat,5.416666667,4.864048160281547
2023-07-30,Kitimat,4.291666667,4.40791110909137
2023-07-31,Kitimat,0.625,5.0894694254145545
2023-08-01,Kitimat,1.727272727,5.034134097566366
2023-08-02,Kitimat,1.875,4.965276593631934
2023-08-03,Kitimat,1.833333333,4.8932020980518045
2023-08-04,Kitimat,6.666666667,4.955819343325498
2023-08-05,Kitimat,6.125,4.865066292437675
2023-08-06,Kitimat,0.695652174,4.408929241247498
2023-08-07,Kitimat,0.7,5.0904875575706825
2023-08-08,Kitimat,0.227272727,5.035152229722494
2023-08-09,Kitimat,3.166666667,4.966294725788062
2023-08-10,Kitimat,1.476190476,4.8942202302079325
2023-08-11,Kitimat,0.818181818,4.956837475481626
2023-08-12,Kitimat,0.47826087,4.866084424593803
2023-08-13,Kitimat,1.625,4.409947373403626
2023-08-14,Kitimat,1.666666667,5.0915056897268105
2023-08-15,Kitimat,3.125,5.036170361878622
2023-08-16,Kitimat,4.916666667,4.96731285794419
2023-08-17,Kitimat,2.25,4.8952383623640605
2023-08-18,Kitimat,2.333333333,4.957855607637754
2023-08-19,Kitimat,2.125,4.867102556749931
2023-08-20,Kitimat,5.304347826,4.410965505559754
2023-08-21,Kitimat,11.70833333,5.0925238218829385
2023-08-22,Kitimat,10.95833333,5.03718849403475
2023-08-23,Kitimat,9.090909091,4.968330990100318
2023-08-24,Kitimat,9.05,4.8962564945201885
2023-08-25,Kitimat,23.17391304,4.958873739793882
2023-08-26,Kitimat,44.625,4.868120688906059
2023-08-27,Kitimat,35.16666667,4.411983637715882
2023-08-28,Kitimat,24.5,5.0935419540390665
2023-08-29,Kitimat,13.75,5.0382066261908784
2023-08-30,Kitimat,3.416666667,4.969349122256446
2023-08-31,Kitimat,0.791666667,4.8972746266763165
2023-09-01,Kitimat,7.958333333,4.95989187195001
2023-09-02,Kitimat,5.791666667,4.869138821062187
2023-09-03,Kitimat,8.5,4.41300176987201
2023-09-04,Kitimat,1.666666667,5.0945600861951945
2023-09-05,Kitimat,2.695652174,5.0392247583470064
2023-09-06,Kitimat,5.666666667,4.970367254412574
2023-09-07,Kitimat,0.956521739,4.8982927588324445
2023-09-08,Kitimat,4.708333333,4.960910004106138
2023-09-09,Kitimat,2.5,4.870156953218315
2023-09-10,Kitimat,9.208333333,4.414019902028138
2023-09-11,Kitimat,3.791666667,5.0955782183513225
2023-09-12,Kitimat,2.041666667,5.0402428905031345
2023-09-13,Kitimat,5.208333333,4.971385386568702
2023-09-14,Kitimat,0.958333333,4.8993108909885725
2023-09-15,Kitimat,1.125,4.961928136262266
2023-09-16,Kitimat,2.291666667,4.871175085374443
2023-09-17,Kitimat,4.166666667,4.415038034184266
2023-09-18,Kitimat,1.347826087,5.0965963505074505
2023-09-19,Kitimat,1.136363636,5.0412610226592625
2023-09-20,Kitimat,5.875,4.97240351872483
2023-09-21,Kitimat,0.727272727,4.9003290231447005
2023-09-22,Kitimat,0.625,4.962946268418394
2023-09-23,Kitimat,1.125,4.872193217530571
2023-09-24,Kitimat,3.541666667,4.416056166340394
2023-09-25,Kitimat,1.458333333,5.0976144826635785
2023-09-26,Kitimat,0.791666667,5.0422791548153905
2023-09-27,Kitimat,3.0,4.973421650880958
2023-09-28,Kitimat,0.25,4.9013471553008285
2023-09-29,Kitimat,1.666666667,4.963964400574522
2023-09-30,Kitimat,2.818181818,4.873211349686699
2023-10-01,Kitimat,5.47826087,4.417074298496522
2023-10-02,Kitimat,1.5,5.0986326148197065
2023-10-03,Kitimat,1.347826087,5.0432972869715185
2023-10-04,Kitimat,3.666666667,4.974439783037086
2023-10-05,Kitimat,2.583333333,4.9023652874569565
2023-10-06,Kitimat,1.416666667,4.96498253273065
2023-10-07,Kitimat,2.708333333,4.874229481842827
2023-10-08,Kitimat,6.125,4.41809243065265
2023-10-09,Kitimat,1.47826087,5.0996507469758345
2023-10-10,Kitimat,3.625,5.0443154191276465
2023-10-11,Kitimat,6.083333333,4.975457915193214
2023-10-12,Kitimat,3.173913043,4.9033834196130845
2023-10-13,Kitimat,6.375,4.966000664886778
2023-10-14,Kitimat,4.791666667,4.875247613998955
2023-10-15,Kitimat,4.875,4.419110562808778
2023-10-16,Kitimat,1.217391304,5.1006688791319625
2023-10-17,Kitimat,0.0,5.0453335512837745
2023-10-18,Kitimat,8.5,4.976476047349342
2023-10-19,Kitimat,4.625,4.9044015517692126
2023-10-20,Kitimat,2.363636364,4.967018797042906
2023-10-21,Kitimat,4.75,4.876265746155083
2023-10-22,Kitimat,3.458333333,4.420128694964906
2023-10-23,Kitimat,3.458333333,5.1016870112880905
2023-10-24,Kitimat,8.916666667,5.0463516834399025
2023-10-25,Kitimat,5.833333333,4.97749417950547
2023-10-26,Kitimat,1.428571429,4.905419683925341
2023-10-27,Kitimat,2.583333333,4.968036929199034
2023-10-28,Kitimat,7.166666667,4.877283878311211
2023-10-29,Kitimat,5.083333333,4.421146827121034
2023-10-30,Kitimat,4.083333333,5.1027051434442185
2023-10-31,Kitimat,6.416666667,5.0473698155960305
2023-11-01,Kitimat,9.25,4.978512311661598
2023-11-02,Kitimat,10.58333333,4.906437816081469
2023-11-03,Kitimat,4.916666667,4.969055061355162
2023-11-04,Kitimat,1.777777778,4.878302010467339
2023-11-05,Kitimat,4.166666667,4.422164959277162
2023-11-06,Kitimat,1.0,5.1037232756003466
2023-11-07,Kitimat,1.047619048,5.0483879477521585
2023-11-08,Kitimat,2.916666667,4.979530443817726
2023-11-09,Kitimat,4.208333333,4.907455948237597
2023-11-10,Kitimat,1.090909091,4.97007319351129
2023-11-11,Kitimat,0.916666667,4.879320142623467
2023-11-12,Kitimat,3.916666667,4.42318309143329
2023-11-13,Kitimat,1.833333333,5.104741407756475
2023-11-14,Kitimat,1.818181818,5.0494060799082865
2023-11-15,Kitimat,2.458333333,4.980548575973854
2023-11-16,Kitimat,3.826086957,4.908474080393725
2023-11-17,Kitimat,0.238095238,4.971091325667418
2023-11-18,Kitimat,2.045454545,4.880338274779595
2023-11-19,Kitimat,5.375,4.424201223589418
2023-11-20,Kitimat,4.590909091,5.105759539912603
2023-11-21,Kitimat,0.263157895,5.0504242120644145
2023-11-22,Kitimat,2.789473684,4.981566708129982
2023-11-23,Kitimat,4.5,4.909492212549853
2023-11-24,Kitimat,1.052631579,4.972109457823546
2023-11-25,Kitimat,1.421052632,4.881356406935723
2023-11-26,Kitimat,0.954545455,4.425219355745546
2023-11-27,Kitimat,2.583333333,5.106777672068731
2023-11-28,Kitimat,0.52173913,5.0514423442205425
2023-11-29,Kitimat,2.434782609,4.98258484028611
2023-11-30,Kitimat,3.25,4.910510344705981
2023-12-01,Kitimat,4.5,4.973127589979674
2023-12-02,Kitimat,5.684210526,4.882374539091851
2023-12-03,Kitimat,2.291666667,4.426237487901674
2023-12-04,Kitimat,1.333333333,5.107795804224859
2023-12-05,Kitimat,1.291666667,5.0524604763766705
2023-12-06,Kitimat,2.708333333,4.983602972442238
2023-12-07,Kitimat,5.166666667,4.911528476862109
2023-12-08,Kitimat,2.583333333,4.974145722135802
2023-12-09,Kitimat,4.166666667,4.883392671247979
2023-12-10,Kitimat,3.458333333,4.427255620057802
2023-12-11,Kitimat,3.625,5.108813936380987
2023-12-12,Kitimat,3.833333333,5.0534786085327985
2023-12-13,Kitimat,1.041666667,4.984621104598366
2023-12-14,Kitimat,3.958333333,4.912546609018237
2023-12-15,Kitimat,2.333333333,4.97516385429193
2023-12-16,Kitimat,3.875,4.884410803404107
2023-12-17,Kitimat,3.708333333,4.42827375221393
2023-12-18,Kitimat,1.958333333,5.109832068537115
2023-12-19,Kitimat,1.666666667,5.0544967406889265
2023-12-20,Kitimat,0.541666667,4.985639236754494
2023-12-21,Kitimat,0.652173913,4.913564741174365
2023-12-22,Kitimat,3.636363636,4.976181986448058
2023-12-23,Kitimat,3.833333333,4.885428935560235
2023-12-24,Kitimat,2.782608696,4.429291884370058
2023-12-25,Kitimat,1.875,5.110850200693243
2023-12-26,Kitimat,1.166666667,5.0555148728450545
2023-12-27,Kitimat,1.666666667,4.986657368910622
2023-12-28,Kitimat,3.166666667,4.914582873330493
2023-12-29,Kitimat,1.375,4.977200118604186
2023-12-30,Kitimat,2.833333333,4.886447067716363
2023-12-31,Kitimat,3.52173913,4.430310016526186
2023-01-01,Hamilton,9.375,7.977180675794292
2023-01-02,Hamilton,17.41666667,8.092122438765767
2023-01-03,Hamilton,14.16666667,8.50899915146112
2023-01-04,Hamilton,4.583333333,8.433942273021765
2023-01-05,Hamilton,6.916666667,8.09790955248729
2023-01-06,Hamilton,10.70833333,7.422428901322817
2023-01-07,Hamilton,4.791666667,7.637419960629097
2023-01-08,Hamilton,5.833333333,8.297453645263111
2023-01-09,Hamilton,14.5,8.17130306781592
2023-01-10,Hamilton,11.33333333,8.531313193292169
2023-01-11,Hamilton,10.08333333,8.442843160638406
2023-01-12,Hamilton,24.41666667,8.103646671803816
2023-01-13,Hamilton,4.625,7.427419780814109
2023-01-14,Hamilton,3.833333333,7.642234824109118
2023-01-15,Hamilton,8.791666667,8.30222699174662
2023-01-16,Hamilton,7.833333333,8.176066621661887
2023-01-17,Hamilton,22.95833333,8.53607443734316
2023-01-18,Hamilton,4.125,8.447603859876745
2023-01-19,Hamilton,6.75,8.108407242536884
2023-01-20,Hamilton,4.333333333,7.432180321236566
2023-01-21,Hamilton,4.25,7.6469953573821945
2023-01-22,Hamilton,12.54166667,8.306987523333369
2023-01-23,Hamilton,8.5,8.18082715285088
2023-01-24,Hamilton,9.875,8.540834968438334
2023-01-25,Hamilton,10.25,8.45236439094979
2023-01-26,Hamilton,4.541666667,8.113167773604712
2023-01-27,Hamilton,10.25,7.436940852303162
2023-01-28,Hamilton,10.91666667,7.6517558884485
2023-01-29,Hamilton,8.333333333,8.311748054399606
2023-01-30,Hamilton,4.541666667,8.1855876839171
2023-01-31,Hamilton,4.708333333,8.54559549950455
2023-02-01,Hamilton,11.33333333,8.457124922016003
2023-02-02,Hamilton,10.45833333,8.117928304670924
2023-02-03,Hamilton,0.791666667,7.441701383369375
2023-02-04,Hamilton,6.875,7.656516419514713
2023-02-05,Hamilton,5.916666667,8.316508585465819
2023-02-06,Hamilton,10.41666667,8.190348214983315
2023-02-07,Hamilton,10.5,8.550356030570764
2023-02-08,Hamilton,14.16666667,8.46188545308222
2023-02-09,Hamilton,13.625,8.12268883573714
2023-02-10,Hamilton,2.833333333,7.446461914435591
2023-02-11,Hamilton,2.791666667,7.661276950580929
2023-02-12,Hamilton,8.583333333,8.321269116532035
2023-02-13,Hamilton,13.95833333,8.19510874604953
2023-02-14,Hamilton,12.54166667,8.55511656163698
2023-02-15,Hamilton,10.16666667,8.466645984148435
2023-02-16,Hamilton,5.125,8.127449366803356
2023-02-17,Hamilton,2.916666667,7.451222445501807
2023-02-18,Hamilton,6.208333333,7.666037481647145
2023-02-19,Hamilton,5.083333333,8.32602964759825
2023-02-20,Hamilton,4.958333333,8.199869277115747
2023-02-21,Hamilton,6.541666667,8.559877092703196
2023-02-22,Hamilton,3.208333333,8.471406515214651
2023-02-23,Hamilton,5.625,8.132209897869572
2023-02-24,Hamilton,2.791666667,7.455982976568023
2023-02-25,Hamilton,9.208333333,7.670798012713361
2023-02-26,Hamilton,10.0,8.330790178664467
2023-02-27,Hamilton,6.166666667,8.204629808181963
2023-02-28,Hamilton,5.625,8.564637623769412
2023-03-01,Hamilton,10.95833333,8.476167046280867
2023-03-02,Hamilton,11.95833333,8.136970428935788
2023-03-03,Hamilton,7.125,7.4607435076342385
2023-03-04,Hamilton,7.125,7.675558543779577
2023-03-05,Hamilton,11.66666667,8.335550709730683
2023-03-06,Hamilton,10.75,8.209390339248179
2023-03-07,Hamilton,3.041666667,8.569398154835628
2023-03-08,Hamilton,2.80952381,8.480927577347083
2023-03-09,Hamilton,11.75,8.141730960002004
2023-03-10,Hamilton,5.541666667,7.4655040387004545
2023-03-11,Hamilton,3.583333333,7.680319074845793
2023-03-12,Hamilton,7.333333333,8.340311240796899
2023-03-13,Hamilton,11.33333333,8.214150870314395
2023-03-14,Hamilton,3.708333333,8.574158685901844
2023-03-15,Hamilton,7.416666667,8.4856881084133
2023-03-16,Hamilton,8.166666667,8.14649149106822
2023-03-17,Hamilton,5.916666667,7.4702645697666705
2023-03-18,Hamilton,4.958333333,7.685079605912009
2023-03-19,Hamilton,3.708333333,8.345071771863115
2023-03-20,Hamilton,9.166666667,8.21891140138061
2023-03-21,Hamilton,22.91666667,8.57891921696806
2023-03-22,Hamilton,20.70833333,8.490448639479515
2023-03-23,Hamilton,9.208333333,8.151252022134436
2023-03-24,Hamilton,6.166666667,7.4750251008328865
2023-03-25,Hamilton,5.166666667,7.6898401369782245
2023-03-26,Hamilton,7.291666667,8.34983230292933
2023-03-27,Hamilton,7.375,8.223671932446827
2023-03-28,Hamilton,12.41666667,8.583679748034276
2023-03-29,Hamilton,6.208333333,8.495209170545731
2023-03-30,Hamilton,5.291666667,8.156012553200652
2023-03-31,Hamilton,13.70833333,7.4797856318991025
2023-04-01,Hamilton,6.291666667,7.6946006680444405
2023-04-02,Hamilton,4.708333333,8.354592833995547
2023-04-03,Hamilton,5.083333333,8.228432463513043
2023-04-04,Hamilton,10.125,8.588440279100492
2023-04-05,Hamilton,6.041666667,8.499969701611947
2023-04-06,Hamilton,4.625,8.160773084266868
2023-04-07,Hamilton,2.541666667,7.4845461629653185
2023-04-08,Hamilton,6.375,7.6993611991106565
2023-04-09,Hamilton,8.583333333,8.359353365061763
2023-04-10,Hamilton,10.0,8.233192994579259
2023-04-11,Hamilton,12.20833333,8.593200810166708
2023-04-12,Hamilton,11.75,8.504730232678163
2023-04-13,Hamilton,11.66666667,8.165533615333084
2023-04-14,Hamilton,17.54166667,7.4893066940315345
2023-04-15,Hamilton,29.04166667,7.7041217301768725
2023-04-16,Hamilton,25.58333333,8.364113896127979
2023-04-17,Hamilton,2.583333333,8.237953525645475
2023-04-18,Hamilton,1.541666667,8.597961341232924
2023-04-19,Hamilton,3.291666667,8.50949076374438
2023-04-20,Hamilton,5.0,8.1702941463993
2023-04-21,Hamilton,7.5,7.4940672250977505
2023-04-22,Hamilton,7.916666667,7.7088822612430885
2023-04-23,Hamilton,3.666666667,8.368874427194195
2023-04-24,Hamilton,4.0,8.24271405671169
2023-04-25,Hamilton,10.29166667,8.60272187229914
2023-04-26,Hamilton,10.16666667,8.514251294810595
2023-04-27,Hamilton,8.833333333,8.175054677465516
2023-04-28,Hamilton,13.41666667,7.4988277561639665
2023-04-29,Hamilton,13.33333333,7.7136427923093045
2023-04-30,Hamilton,9.083333333,8.37363495826041
2023-05-01,Hamilton,4.416666667,8.247474587777907
2023-05-02,Hamilton,1.916666667,8.607482403365356
2023-05-03,Hamilton,2.625,8.519011825876811
2023-05-04,Hamilton,6.583333333,8.179815208531732
2023-05-05,Hamilton,7.916666667,7.5035882872301825
2023-05-06,Hamilton,9.375,7.7184033233755205
2023-05-07,Hamilton,12.875,8.378395489326627
2023-05-08,Hamilton,5.833333333,8.252235118844123
2023-05-09,Hamilton,5.375,8.612242934431572
2023-05-10,Hamilton,11.125,8.523772356943027
2023-05-11,Hamilton,7.416666667,8.184575739597948
2023-05-12,Hamilton,9.958333333,7.508348818296398
2023-05-13,Hamilton,8.375,7.7231638544417365
2023-05-14,Hamilton,5.708333333,8.383156020392843
2023-05-15,Hamilton,7.458333333,8.256995649910339
2023-05-16,Hamilton,9.166666667,8.617003465497788
2023-05-17,Hamilton,7.375,8.528532888009243
2023-05-18,Hamilton,7.041666667,8.189336270664164
2023-05-19,Hamilton,11.0,7.513109349362614
2023-05-20,Hamilton,19.875,7.7279243855079525
2023-05-21,Hamilton,7.625,8.387916551459059
2023-05-22,Hamilton,8.708333333,8.261756180976555
2023-05-23,Hamilton,10.83333333,8.621763996564004
2023-05-24,Hamilton,9.25,8.53329341907546
2023-05-25,Hamilton,4.956521739,8.19409680173038
2023-05-26,Hamilton,7.416666667,7.51786988042883
2023-05-27,Hamilton,16.54166667,7.7326849165741685
2023-05-28,Hamilton,18.91666667,8.392677082525275
2023-05-29,Hamilton,9.208333333,8.26651671204277
2023-05-30,Hamilton,13.66666667,8.62652452763022
2023-05-31,Hamilton,19.75,8.538053950141675
2023-06-01,Hamilton,19.5,8.198857332796596
2023-06-02,Hamilton,16.20833333,7.522630411495046
2023-06-03,Hamilton,11.08333333,7.737445447640384
2023-06-04,Hamilton,9.958333333,8.39743761359149
2023-06-05,Hamilton,41.25,8.271277243108987
2023-06-06,Hamilton,59.16666667,8.631285058696436
2023-06-07,Hamilton,65.375,8.542814481207891
2023-06-08,Hamilton,27.29166667,8.203617863862812
2023-06-09,Hamilton,27.0,7.527390942561262
2023-06-10,Hamilton,30.0,7.7422059787066
2023-06-11,Hamilton,33.125,8.402198144657707
2023-06-12,Hamilton,16.16666667,8.276037774175203
2023-06-13,Hamilton,9.25,8.636045589762652
2023-06-14,Hamilton,9.708333333,8.547575012274107
2023-06-15,Hamilton,12.75,8.208378394929028
2023-06-16,Hamilton,28.91666667,7.532151473627478
2023-06-17,Hamilton,27.08333333,7.746966509772816
2023-06-18,Hamilton,30.29166667,8.406958675723923
2023-06-19,Hamilton,16.375,8.280798305241419
2023-06-20,Hamilton,8.125,8.640806120828868
2023-06-21,Hamilton,14.95833333,8.552335543340323
2023-06-22,Hamilton,11.375,8.213138925995244
2023-06-23,Hamilton,12.58333333,7.536912004693694
2023-06-24,Hamilton,5.916666667,7.751727040839032
2023-06-25,Hamilton,14.375,8.411719206790139
2023-06-26,Hamilton,7.958333333,8.285558836307635
2023-06-27,Hamilton,26.04166667,8.645566651895084
2023-06-28,Hamilton,85.45833333,8.55709607440654
2023-06-29,Hamilton,26.79166667,8.21789945706146
2023-06-30,Hamilton,78.91666667,7.54167253575991
2023-07-01,Hamilton,21.29166667,7.756487571905248
2023-07-02,Hamilton,16.83333333,8.416479737856355
2023-07-03,Hamilton,11.83333333,8.29031936737385
2023-07-04,Hamilton,12.83333333,8.6503271829613
2023-07-05,Hamilton,12.58333333,8.561856605472755
2023-07-06,Hamilton,9.75,8.222659988127676
2023-07-07,Hamilton,2.625,7.546433066826126
2023-07-08,Hamilton,8.75,7.761248102971464
2023-07-09,Hamilton,8.875,8.42124026892257
2023-07-10,Hamilton,7.5,8.295079898440067
2023-07-11,Hamilton,8.958333333,8.655087714027516
2023-07-12,Hamilton,6.541666667,8.566617136538971
2023-07-13,Hamilton,11.5,8.227420519193892
2023-07-14,Hamilton,7.0,7.551193597892342
2023-07-15,Hamilton,8.625,7.76600863403768
2023-07-16,Hamilton,18.83333333,8.426000799988786
2023-07-17,Hamilton,35.125,8.299840429506283
2023-07-18,Hamilton,10.41666667,8.659848245093732
2023-07-19,Hamilton,9.375,8.571377667605187
2023-07-20,Hamilton,7.375,8.232181050260108
2023-07-21,Hamilton,8.333333333,7.555954128958558
2023-07-22,Hamilton,11.20833333,7.770769165103896
2023-07-23,Hamilton,11.375,8.430761331055002
2023-07-24,Hamilton,11.91666667,8.304600960572499
2023-07-25,Hamilton,21.125,8.664608776159948
2023-07-26,Hamilton,23.375,8.576138198671403
2023-07-27,Hamilton,8.136363636,8.236941581326324
2023-07-28,Hamilton,13.35294118,7.560714660024774
2023-07-29,Hamilton,8.208333333,7.775529696170112
2023-07-30,Hamilton,2.625,8.435521862121218
2023-07-31,Hamilton,6.458333333,8.309361491638715
2023-08-01,Hamilton,4.75,8.669369307226164
2023-08-02,Hamilton,9.291666667,8.58089872973762
2023-08-03,Hamilton,21.29166667,8.24170211239254
2023-08-04,Hamilton,16.16666667,7.56547519109099
2023-08-05,Hamilton,10.66666667,7.780290227236328
2023-08-06,Hamilton,11.33333333,8.440282393187434
2023-08-07,Hamilton,6.291666667,8.31412202270493
2023-08-08,Hamilton,3.416666667,8.67412983829238
2023-08-09,Hamilton,15.54166667,8.585659260803835
2023-08-10,Hamilton,15.20833333,8.246462643458756
2023-08-11,Hamilton,2.958333333,7.570235722157206
2023-08-12,Hamilton,5.416666667,7.785050758302544
2023-08-13,Hamilton,3.125,8.44504292425365
2023-08-14,Hamilton,8.166666667,8.318882553771147
2023-08-15,Hamilton,11.16666667,8.678890369358596
2023-08-16,Hamilton,19.375,8.590419791870051
2023-08-17,Hamilton,15.625,8.251223174524972
2023-08-18,Hamilton,8.583333333,7.574996253223422
2023-08-19,Hamilton,13.83333333,7.78981128936876
2023-08-20,Hamilton,17.20833333,8.449803455319866
2023-08-21,Hamilton,14.66666667,8.323643084837363
2023-08-22,Hamilton,9.538461538,8.683650900424812
2023-08-23,Hamilton,7.375,8.595180322936267
2023-08-24,Hamilton,12.54166667,8.255983705591188
2023-08-25,Hamilton,11.5,7.579756784289638
2023-08-26,Hamilton,6.833333333,7.794571820434976
2023-08-27,Hamilton,6.083333333,8.454563986386082
2023-08-28,Hamilton,7.958333333,8.328403615903579
2023-08-29,Hamilton,9.416666667,8.688411431491028
2023-08-30,Hamilton,3.791666667,8.599940854002483
2023-08-31,Hamilton,4.583333333,8.260744236657404
2023-09-01,Hamilton,7.291666667,7.584517315355854
2023-09-02,Hamilton,7.0,7.799332351501192
2023-09-03,Hamilton,10.58333333,8.459324517452298
2023-09-04,Hamilton,11.16666667,8.333164146969795
2023-09-05,Hamilton,8.833333333,8.693171962557244
2023-09-06,Hamilton,8.958333333,8.604701385068699
2023-09-07,Hamilton,8.958333333,8.26550476772362
2023-09-08,Hamilton,2.916666667,7.58927784642207
2023-09-09,Hamilton,4.083333333,7.804092882567408
2023-09-10,Hamilton,6.125,8.464085048518514
2023-09-11,Hamilton,6.916666667,8.33792467803601
2023-09-12,Hamilton,4.541666667,8.69793249362346
2023-09-13,Hamilton,3.333333333,8.609461916134915
2023-09-14,Hamilton,5.083333333,8.270265298789836
2023-09-15,Hamilton,9.208333333,7.594038377488286
2023-09-16,Hamilton,13.54545455,7.808853413633624
2023-09-17,Hamilton,9.5,8.46884557958473
2023-09-18,Hamilton,8.5,8.342685209102227
2023-09-19,Hamilton,4.791666667,8.702693024689676
2023-09-20,Hamilton,5.75,8.614222447201131
2023-09-21,Hamilton,7.958333333,8.275025829856052
2023-09-22,Hamilton,6.666666667,7.598798908554502
2023-09-23,Hamilton,8.695652174,7.81361394469984
2023-09-24,Hamilton,11.5,8.473606110650946
2023-09-25,Hamilton,13.04166667,8.347445740168443
2023-09-26,Hamilton,14.54166667,8.707453555755892
2023-09-27,Hamilton,12.04166667,8.618982978267347
2023-09-28,Hamilton,8.458333333,8.279786360922268
2023-09-29,Hamilton,9.208333333,7.603559439620718
2023-09-30,Hamilton,11.66666667,7.818374475766056
2023-10-01,Hamilton,11.66666667,8.478366641717162
2023-10-02,Hamilton,9.291666667,8.352206271234659
2023-10-03,Hamilton,13.54166667,8.712214086822108
2023-10-04,Hamilton,12.58333333,8.623743509333563
2023-10-05,Hamilton,9.75,8.284546891988484
2023-10-06,Hamilton,6.541666667,7.608319970686934
2023-10-07,Hamilton,2.958333333,7.823135006832272
2023-10-08,Hamilton,1.041666667,8.483127172783378
2023-10-09,Hamilton,2.708333333,8.356966802300875
2023-10-10,Hamilton,3.291666667,8.716974617888324
2023-10-11,Hamilton,4.875,8.628504040399779
2023-10-12,Hamilton,6.5,8.2893074230547
2023-10-13,Hamilton,3.875,7.61308050175315
2023-10-14,Hamilton,3.541666667,7.827895537898488
2023-10-15,Hamilton,1.791666667,8.487887703849594
2023-10-16,Hamilton,2.291666667,8.36172733336709
2023-10-17,Hamilton,4.958333333,8.72173514895454
2023-10-18,Hamilton,8.791666667,8.633264571465995
2023-10-19,Hamilton,7.333333333,8.294067954120916
2023-10-20,Hamilton,7.083333333,7.617841032819366
2023-10-21,Hamilton,1.416666667,7.832656068964704
2023-10-22,Hamilton,2.291666667,8.49264823491581
2023-10-23,Hamilton,4.166666667,8.366487864433306
2023-10-24,Hamilton,5.952380952,8.726495680020756
2023-10-25,Hamilton,9.375,8.638025102532211
2023-10-26,Hamilton,10.16666667,8.298828485187132
2023-10-27,Hamilton,7.5,7.622601563885582
2023-10-28,Hamilton,3.541666667,7.83741660003092
2023-10-29,Hamilton,3.0,8.497408765982026
2023-10-30,Hamilton,3.625,8.371248395499522
2023-10-31,Hamilton,6.208333333,8.731256211086972
2023-11-01,Hamilton,4.375,8.642785633598427
2023-11-02,Hamilton,6.416666667,8.303589016253348
2023-11-03,Hamilton,5.916666667,7.627362094951798
2023-11-04,Hamilton,12.33333333,7.842177131097136
2023-11-05,Hamilton,7.333333333,8.502169297048242
2023-11-06,Hamilton,11.0,8.376008926565738
2023-11-07,Hamilton,5.0,8.736016742153188
2023-11-08,Hamilton,3.125,8.647546164664643
2023-11-09,Hamilton,5.625,8.308349547319564
2023-11-10,Hamilton,4.041666667,7.632122626018014
2023-11-11,Hamilton,4.666666667,7.846937662163352
2023-11-12,Hamilton,6.375,8.506929828114458
2023-11-13,Hamilton,7.75,8.380769457631954
2023-11-14,Hamilton,3.791666667,8.740777273219404
2023-11-15,Hamilton,6.583333333,8.652306695730859
2023-11-16,Hamilton,19.0,8.31311007838578
2023-11-17,Hamilton,7.375,7.63688315708423
2023-11-18,Hamilton,4.416666667,7.851698193229568
2023-11-19,Hamilton,6.125,8.511690359180674
2023-11-20,Hamilton,4.166666667,8.38552998869817
2023-11-21,Hamilton,5.708333333,8.74553780428562
2023-11-22,Hamilton,6.166666667,8.657067226797075
2023-11-23,Hamilton,8.583333333,8.317870609451996
2023-11-24,Hamilton,2.458333333,7.641643688150446
2023-11-25,Hamilton,6.083333333,7.856458724295784
2023-11-26,Hamilton,10.79166667,8.51645089024689
2023-11-27,Hamilton,7.083333333,8.390290519764386
2023-11-28,Hamilton,2.541666667,8.750298335351836
2023-11-29,Hamilton,9.208333333,8.661827757863291
2023-11-30,Hamilton,14.79166667,8.322631140518212
2023-12-01,Hamilton,13.875,7.646404219216662
2023-12-02,Hamilton,8.916666667,7.861219255362
2023-12-03,Hamilton,6.166666667,8.521211421313106
2023-12-04,Hamilton,3.583333333,8.395051050830602
2023-12-05,Hamilton,7.041666667,8.755058866418052
2023-12-06,Hamilton,7.666666667,8.666588288929507
2023-12-07,Hamilton,14.16666667,8.327391671584428
2023-12-08,Hamilton,20.125,7.651164750282878
2023-12-09,Hamilton,11.20833333,7.865979786428216
2023-12-10,Hamilton,4.208333333,8.525971952379322
2023-12-11,Hamilton,1.541666667,8.399811581896818
2023-12-12,Hamilton,9.541666667,8.759819397484268
2023-12-13,Hamilton,4.0,8.671348819995723
2023-12-14,Hamilton,7.375,8.332152202650644
2023-12-15,Hamilton,15.45833333,7.655925281349094
2023-12-16,Hamilton,21.20833333,7.870740317494432
2023-12-17,Hamilton,11.66666667,8.530732483445538
2023-12-18,Hamilton,4.583333333,8.404572112963034
2023-12-19,Hamilton,2.25,8.764579928550484
2023-12-20,Hamilton,8.304347826,8.676109351061939
2023-12-21,Hamilton,6.083333333,8.33691273371686
2023-12-22,Hamilton,5.916666667,7.66068581241531
2023-12-23,Hamilton,13.91666667,7.875500848560648
2023-12-24,Hamilton,19.875,8.535493014511754
2023-12-25,Hamilton,12.25,8.40933264402925
2023-12-26,Hamilton,13.91666667,8.7693404596167
2023-12-27,Hamilton,5.875,8.680869882128155
2023-12-28,Hamilton,4.333333333,8.341673264783076
2023-12-29,Hamilton,9.0,7.665446343481526
2023-12-30,Hamilton,3.285714286,7.880261379626864
2023-12-31,Hamilton,8.5,8.54025354557797
2023-01-01,Fort Mckay,5.083333333,7.558964952530681
2023-01-02,Fort Mckay,4.666666667,7.072693947542424
2023-01-03,Fort Mckay,10.45833333,6.50003765689147
2023-01-04,Fort Mckay,9.833333333,6.125679559565029
2023-01-05,Fort Mckay,7.125,6.317579207402443
2023-01-06,Fort Mckay,6.125,5.549367521174837
2023-01-07,Fort Mckay,12.95833333,5.968438877903978
2023-01-08,Fort Mckay,20.70833333,5.516475446353644
2023-01-09,Fort Mckay,15.79166667,5.839826221861832
2023-01-10,Fort Mckay,14.0,5.818632267791986
2023-01-11,Fort Mckay,14.41666667,5.7069877062792695
2023-01-12,Fort Mckay,13.33333333,6.095641232879336
2023-01-13,Fort Mckay,12.04166667,5.409867808618609
2023-01-14,Fort Mckay,9.458333333,5.900919711551669
2023-01-15,Fort Mckay,28.29166667,5.473209711442654
2023-01-16,Fort Mckay,17.625,5.823825491138306
2023-01-17,Fort Mckay,8.0,5.808806547476697
2023-01-18,Fort Mckay,5.583333333,5.707964590998455
2023-01-19,Fort Mckay,6.0,6.097581277885942
2023-01-20,Fort Mckay,1.791666667,5.416321928995238
2023-01-21,Fort Mckay,4.375,5.907077790063855
2023-01-22,Fort Mckay,1.416666667,5.481364268814725
2023-01-23,Fort Mckay,3.125,5.831537247870602
2023-01-24,Fort Mckay,4.541666667,5.817450498941108
2023-01-25,Fort Mckay,6.125,5.716270234990077
2023-01-26,Fort Mckay,3.083333333,6.106342933592159
2023-01-27,Fort Mckay,1.708333333,5.424865525788556
2023-01-28,Fort Mckay,1.375,5.915852750825055
2023-01-29,Fort Mckay,2.416666667,5.490008546617502
2023-01-30,Fort Mckay,4.958333333,5.840302073822628
2023-01-31,Fort Mckay,4.291666667,5.826139862938294
2023-02-01,Fort Mckay,3.041666667,5.725023571354249
2023-02-02,Fort Mckay,5.583333333,6.115053584227313
2023-02-03,Fort Mckay,3.958333333,5.433610541600148
2023-02-04,Fort Mckay,5.333333333,5.924573908379838
2023-02-05,Fort Mckay,10.16666667,5.498748311112372
2023-02-06,Fort Mckay,4.458333333,5.849028598025587
2023-02-07,Fort Mckay,1.833333333,5.834876512663238
2023-02-08,Fort Mckay,9.041666667,5.733752904924988
2023-02-09,Fort Mckay,6.625,6.123788445421133
2023-02-10,Fort Mckay,3.545454545,5.44234137075892
2023-02-11,Fort Mckay,3.416666667,5.933307761128848
2023-02-12,Fort Mckay,4.083333333,5.507479945340666
2023-02-13,Fort Mckay,2.833333333,5.85776188819955
2023-02-14,Fort Mckay,2.125,5.843608583370213
2023-02-15,Fort Mckay,4.291666667,5.742485883252557
2023-02-16,Fort Mckay,5.608695652,6.132520753849409
2023-02-17,Fort Mckay,3.333333333,5.451074176890751
2023-02-18,Fort Mckay,4.041666667,5.942040199399561
2023-02-19,Fort Mckay,4.791666667,5.516212656613675
2023-02-20,Fort Mckay,4.166666667,5.8664943975168615
2023-02-21,Fort Mckay,4.291666667,5.852341242463426
2023-02-22,Fort Mckay,6.958333333,5.751218431488262
2023-02-23,Fort Mckay,8.541666667,6.141253384265322
2023-02-24,Fort Mckay,7.0,5.459806746460253
2023-02-25,Fort Mckay,5.166666667,5.950772814063534
2023-02-26,Fort Mckay,5.0,5.524945237882714
2023-02-27,Fort Mckay,2.541666667,5.875227003531524
2023-02-28,Fort Mckay,4.625,5.8610738301502545
2023-03-01,Fort Mckay,8.166666667,5.759951032754639
2023-03-02,Fort Mckay,5.875,6.149985975473216
2023-03-03,Fort Mckay,5.083333333,5.468539345120264
2023-03-04,Fort Mckay,3.958333333,5.95950540720343
2023-03-05,Fort Mckay,8.875,5.533677835112188
2023-03-06,Fort Mckay,8.208333333,5.883959597731576
2023-03-07,Fort Mckay,3.375,5.869806426594601
2023-03-08,Fort Mckay,6.166666667,5.768683627536455
2023-03-09,Fort Mckay,6.791666667,6.158718571486671
2023-03-10,Fort Mckay,4.583333333,5.477271940221334
2023-03-11,Fort Mckay,5.041666667,5.968238002980408
2023-03-12,Fort Mckay,4.208333333,5.542410430388457
2023-03-13,Fort Mckay,6.041666667,5.892692193378775
2023-03-14,Fort Mckay,3.333333333,5.878539021967015
2023-03-15,Fort Mckay,3.458333333,5.777416223112431
2023-03-16,Fort Mckay,6.045454545,6.167451166911848
2023-03-17,Fort Mckay,8.791666667,5.486004535758224
2023-03-18,Fort Mckay,7.208333333,5.976970598434542
2023-03-19,Fort Mckay,5.5,5.551143025903897
2023-03-20,Fort Mckay,4.791666667,5.901424788848799
2023-03-21,Fort Mckay,12.16666667,5.887271617470683
2023-03-22,Fort Mckay,7.375,5.786148818591175
2023-03-23,Fort Mckay,10.58333333,6.176183762409055
2023-03-24,Fort Mckay,7.458333333,5.494737131241753
2023-03-25,Fort Mckay,11.25,5.985703193928203
2023-03-26,Fort Mckay,13.54166667,5.559875621390053
2023-03-27,Fort Mckay,19.58333333,5.910157384340516
2023-03-28,Fort Mckay,29.41666667,5.896004212958281
2023-03-29,Fort Mckay,13.45833333,5.794881414081825
2023-03-30,Fort Mckay,15.45,6.184916357897444
2023-03-31,Fort Mckay,20.91666667,5.503469726731817
2023-04-01,Fort Mckay,9.958333333,5.994435789417026
2023-04-02,Fort Mckay,5.791666667,5.568608216879794
2023-04-03,Fort Mckay,5.25,5.918889979829576
2023-04-04,Fort Mckay,7.416666667,5.904736808447845
2023-04-05,Fort Mckay,10.75,5.803614009571016
2023-04-06,Fort Mckay,9.5,6.193648953386912
2023-04-07,Fort Mckay,5.833333333,5.512202322221079
2023-04-08,Fort Mckay,12.08333333,6.003168384906441
2023-04-09,Fort Mckay,5.333333333,5.577340812369096
2023-04-10,Fort Mckay,3.791666667,5.927622575318961
2023-04-11,Fort Mckay,5.125,5.913469403937168
2023-04-12,Fort Mckay,3.956521739,5.812346605060385
2023-04-13,Fort Mckay,7.083333333,6.202381548876247
2023-04-14,Fort Mckay,6.25,5.520934917710439
2023-04-15,Fort Mckay,6.625,6.011900980395781
2023-04-16,Fort Mckay,5.5,5.586073407858452
2023-04-17,Fort Mckay,5.25,5.936355170808307
2023-04-18,Fort Mckay,3.782608696,5.922201999426522
2023-04-19,Fort Mckay,4.166666667,5.821079200549733
2023-04-20,Fort Mckay,5.958333333,6.2111141443656
2023-04-21,Fort Mckay,6.208333333,5.52966751319979
2023-04-22,Fort Mckay,8.666666667,6.020633575885134
2023-04-23,Fort Mckay,11.79166667,5.594806003347802
2023-04-24,Fort Mckay,8.583333333,5.945087766297658
2023-04-25,Fort Mckay,9.333333333,5.930934594915873
2023-04-26,Fort Mckay,2.125,5.829811796039084
2023-04-27,Fort Mckay,4.083333333,6.219846739854949
2023-04-28,Fort Mckay,3.416666667,5.538400108689139
2023-04-29,Fort Mckay,3.666666667,6.029366171374484
2023-04-30,Fort Mckay,7.625,5.603538598837152
2023-05-01,Fort Mckay,14.0,5.953820361787008
2023-05-02,Fort Mckay,5.666666667,5.939667190405222
2023-05-03,Fort Mckay,10.75,5.838544391528433
2023-05-04,Fort Mckay,31.08333333,6.228579335344299
2023-05-05,Fort Mckay,23.95833333,5.547132704178488
2023-05-06,Fort Mckay,34.83333333,6.038098766863833
2023-05-07,Fort Mckay,24.45833333,5.6122711943265005
2023-05-08,Fort Mckay,17.08333333,5.9625529572763565
2023-05-09,Fort Mckay,16.29166667,5.948399785894571
2023-05-10,Fort Mckay,27.70833333,5.847276987017782
2023-05-11,Fort Mckay,24.125,6.2373119308336475
2023-05-12,Fort Mckay,46.375,5.555865299667837
2023-05-13,Fort Mckay,85.33333333,6.046831362353182
2023-05-14,Fort Mckay,50.95833333,5.62100378981585
2023-05-15,Fort Mckay,50.58333333,5.971285552765706
2023-05-16,Fort Mckay,59.25,5.9571323813839205
2023-05-17,Fort Mckay,4.375,5.856009582507132
2023-05-18,Fort Mckay,12.91666667,6.246044526322997
2023-05-19,Fort Mckay,67.83333333,5.564597895157187
2023-05-20,Fort Mckay,42.125,6.055563957842532
2023-05-21,Fort Mckay,354.625,5.6297363853052
2023-05-22,Fort Mckay,112.8333333,5.980018148255056
2023-05-23,Fort Mckay,75.25,5.96586497687327
2023-05-24,Fort Mckay,22.16666667,5.864742177996481
2023-05-25,Fort Mckay,49.75,6.254777121812347
2023-05-26,Fort Mckay,36.41666667,5.573330490646536
2023-05-27,Fort Mckay,18.25,6.064296553331881
2023-05-28,Fort Mckay,29.54166667,5.638468980794549
2023-05-29,Fort Mckay,71.25,5.988750743744405
2023-05-30,Fort Mckay,81.95833333,5.97459757236262
2023-05-31,Fort Mckay,67.20833333,5.873474773485831
2023-06-01,Fort Mckay,71.41666667,6.263509717301696
2023-06-02,Fort Mckay,169.9583333,5.582063086135886
2023-06-03,Fort Mckay,34.08333333,6.073029148821231
2023-06-04,Fort Mckay,11.375,5.647201576283899
2023-06-05,Fort Mckay,17.5,5.997483339233755
2023-06-06,Fort Mckay,7.625,5.983330167851969
2023-06-07,Fort Mckay,67.66666667,5.88220736897518
2023-06-08,Fort Mckay,31.625,6.272242312791046
2023-06-09,Fort Mckay,30.08333333,5.590795681625235
2023-06-10,Fort Mckay,66.58333333,6.0817617443105805
2023-06-11,Fort Mckay,61.66666667,5.655934171773248
2023-06-12,Fort Mckay,206.0416667,6.006215934723104
2023-06-13,Fort Mckay,123.7083333,5.992062763341319
2023-06-14,Fort Mckay,12.45833333,5.89093996446453
2023-06-15,Fort Mckay,26.0,6.280974908280395
2023-06-16,Fort Mckay,14.42105263,5.599528277114585
2023-06-17,Fort Mckay,35.75,6.09049433979993
2023-06-18,Fort Mckay,12.25,5.664666767262598
2023-06-19,Fort Mckay,6.583333333,6.014948530212454
2023-06-20,Fort Mckay,1.833333333,6.000795358830668
2023-06-21,Fort Mckay,3.375,5.8996725599538795
2023-06-22,Fort Mckay,16.0,6.289707503769745
2023-06-23,Fort Mckay,24.04166667,5.6082608726039345
2023-06-24,Fort Mckay,13.95833333,6.09922693528928
2023-06-25,Fort Mckay,4.833333333,5.6733993627519475
2023-06-26,Fort Mckay,10.70833333,6.0236811257018035
2023-06-27,Fort Mckay,21.83333333,6.009527954320018
2023-06-28,Fort Mckay,18.83333333,5.908405155443229
2023-06-29,Fort Mckay,27.54166667,6.2984400992590945
2023-06-30,Fort Mckay,25.875,5.616993468093284
2023-07-01,Fort Mckay,121.5833333,6.107959530778629
2023-07-02,Fort Mckay,87.91666667,5.682131958241297
2023-07-03,Fort Mckay,9.0,6.032413721191153
2023-07-04,Fort Mckay,3.708333333,6.0182605498093675
2023-07-05,Fort Mckay,16.08333333,5.917137750932579
2023-07-06,Fort Mckay,15.33333333,6.307172694748444
2023-07-07,Fort Mckay,34.375,5.625726063582634
2023-07-08,Fort Mckay,65.91666667,6.116692126267979
2023-07-09,Fort Mckay,46.375,5.690864553730647
2023-07-10,Fort Mckay,3.375,6.041146316680503
2023-07-11,Fort Mckay,8.541666667,6.026993145298717
2023-07-12,Fort Mckay,52.95833333,5.925870346421928
2023-07-13,Fort Mckay,218.6666667,6.315905290237794
2023-07-14,Fort Mckay,283.8333333,5.634458659071983
2023-07-15,Fort Mckay,136.1666667,6.125424721757328
2023-07-16,Fort Mckay,23.16666667,5.699597149219996
2023-07-17,Fort Mckay,25.5,6.049878912169852
2023-07-18,Fort Mckay,45.0952381,6.035725740788067
2023-07-19,Fort Mckay,31.0,5.934602941911278
2023-07-20,Fort Mckay,31.625,6.324637885727143
2023-07-21,Fort Mckay,55.125,5.643191254561333
2023-07-22,Fort Mckay,87.20833333,6.134157317246678
2023-07-23,Fort Mckay,45.20833333,5.708329744709346
2023-07-24,Fort Mckay,30.25,6.058611507659202
2023-07-25,Fort Mckay,33.91666667,6.044458336277416
2023-07-26,Fort Mckay,3.739130435,5.943335537400627
2023-07-27,Fort Mckay,6.25,6.333370481216493
2023-07-28,Fort Mckay,14.83333333,5.651923850050682
2023-07-29,Fort Mckay,8.583333333,6.1428899127360275
2023-07-30,Fort Mckay,8.333333333,5.717062340198695
2023-07-31,Fort Mckay,6.791666667,6.067344103148551
2023-08-01,Fort Mckay,56.58333333,6.053190931766766
2023-08-02,Fort Mckay,63.58333333,5.952068132889977
2023-08-03,Fort Mckay,37.75,6.342103076705842
2023-08-04,Fort Mckay,19.58333333,5.660656445540032
2023-08-05,Fort Mckay,44.33333333,6.151622508225377
2023-08-06,Fort Mckay,86.91666667,5.725794935688045
2023-08-07,Fort Mckay,10.95833333,6.076076698637901
2023-08-08,Fort Mckay,4.791666667,6.061923527256115
2023-08-09,Fort Mckay,7.166666667,5.9608007283793265
2023-08-10,Fort Mckay,5.125,6.350835672195192
2023-08-11,Fort Mckay,5.333333333,5.6693890410293815
2023-08-12,Fort Mckay,7.708333333,6.160355103714727
2023-08-13,Fort Mckay,10.54166667,5.734527531177394
2023-08-14,Fort Mckay,24.58333333,6.0848092941272505
2023-08-15,Fort Mckay,12.0,6.070656122745465
2023-08-16,Fort Mckay,46.41666667,5.969533323868676
2023-08-17,Fort Mckay,10.79166667,6.3595682676845415
2023-08-18,Fort Mckay,52.20833333,5.678121636518731
2023-08-19,Fort Mckay,11.83333333,6.169087699204076
2023-08-20,Fort Mckay,8.0,5.743260126666744
2023-08-21,Fort Mckay,13.91666667,6.0935418896166
2023-08-22,Fort Mckay,21.83333333,6.0793887182348145
2023-08-23,Fort Mckay,94.41666667,5.978265919358026
2023-08-24,Fort Mckay,39.54545455,6.368300863173891
2023-08-25,Fort Mckay,54.625,5.686854232008081
2023-08-26,Fort Mckay,124.7916667,6.177820294693426
2023-08-27,Fort Mckay,165.375,5.751992722156094
2023-08-28,Fort Mckay,103.7916667,6.10227448510595
2023-08-29,Fort Mckay,82.5,6.088121313724164
2023-08-30,Fort Mckay,53.58333333,5.986998514847375
2023-08-31,Fort Mckay,113.625,6.377033458663241
2023-09-01,Fort Mckay,76.125,5.69558682749743
2023-09-02,Fort Mckay,311.5,6.186552890182775
2023-09-03,Fort Mckay,265.8333333,5.760725317645443
2023-09-04,Fort Mckay,14.70833333,6.111007080595299
2023-09-05,Fort Mckay,7.375,6.096853909213514
2023-09-06,Fort Mckay,18.375,5.995731110336725
2023-09-07,Fort Mckay,57.625,6.38576605415259
2023-09-08,Fort Mckay,34.20833333,5.70431942298678
2023-09-09,Fort Mckay,30.5,6.195285485672125
2023-09-10,Fort Mckay,22.0,5.769457913134793
2023-09-11,Fort Mckay,16.45833333,6.119739676084649
2023-09-12,Fort Mckay,73.08333333,6.105586504702863
2023-09-13,Fort Mckay,90.41666667,6.004463705826074
2023-09-14,Fort Mckay,29.95833333,6.39449864964194
2023-09-15,Fort Mckay,22.70833333,5.713052018476129
2023-09-16,Fort Mckay,67.375,6.2040180811614745
2023-09-17,Fort Mckay,89.375,5.778190508624142
2023-09-18,Fort Mckay,75.25,6.128472271573998
2023-09-19,Fort Mckay,27.04166667,6.114319100192213
2023-09-20,Fort Mckay,103.6666667,6.013196301315424
2023-09-21,Fort Mckay,52.29166667,6.403231245131289
2023-09-22,Fort Mckay,14.95833333,5.721784613965479
2023-09-23,Fort Mckay,13.375,6.212750676650824
2023-09-24,Fort Mckay,13.16666667,5.786923104113492
2023-09-25,Fort Mckay,93.16666667,6.137204867063348
2023-09-26,Fort Mckay,62.17391304,6.123051695681562
2023-09-27,Fort Mckay,38.625,6.0219288968047735
2023-09-28,Fort Mckay,117.875,6.411963840620639
2023-09-29,Fort Mckay,33.625,5.7305172094548285
2023-09-30,Fort Mckay,42.45833333,6.221483272140174
2023-10-01,Fort Mckay,12.33333333,5.795655699602841
2023-10-02,Fort Mckay,6.458333333,6.1459374625526975
2023-10-03,Fort Mckay,6.5,6.131784291170912
2023-10-04,Fort Mckay,3.416666667,6.030661492294123
2023-10-05,Fort Mckay,2.291666667,6.4206964361099885
2023-10-06,Fort Mckay,3.583333333,5.739249804944178
2023-10-07,Fort Mckay,7.875,6.230215867629523
2023-10-08,Fort Mckay,6.333333333,5.804388295092191
2023-10-09,Fort Mckay,6.041666667,6.154670058042047
2023-10-10,Fort Mckay,5.19047619,6.1405168866602615
2023-10-11,Fort Mckay,4.958333333,6.039394087783473
2023-10-12,Fort Mckay,8.375,6.429429031599338
2023-10-13,Fort Mckay,7.333333333,5.747982400433528
2023-10-14,Fort Mckay,6.833333333,6.238948463118873
2023-10-15,Fort Mckay,8.541666667,5.813120890581541
2023-10-16,Fort Mckay,8.75,6.163402653531397
2023-10-17,Fort Mckay,16.54166667,6.149249482149611
2023-10-18,Fort Mckay,11.375,6.048126683272822
2023-10-19,Fort Mckay,2.5,6.438161627088688
2023-10-20,Fort Mckay,4.75,5.756714995922877
2023-10-21,Fort Mckay,8.791666667,6.247681058608222
2023-10-22,Fort Mckay,5.083333333,5.82185348607089
2023-10-23,Fort Mckay,3.833333333,6.172135249020746
2023-10-24,Fort Mckay,4.260869565,6.157982077638961
2023-10-25,Fort Mckay,5.375,6.056859278762172
2023-10-26,Fort Mckay,4.333333333,6.446894222578037
2023-10-27,Fort Mckay,2.791666667,5.765447591412227
2023-10-28,Fort Mckay,2.833333333,6.256413654097572
2023-10-29,Fort Mckay,3.541666667,5.83058608156024
2023-10-30,Fort Mckay,3.416666667,6.180867844510096
2023-10-31,Fort Mckay,8.5,6.16671467312831
2023-11-01,Fort Mckay,14.45833333,6.065591874251521
2023-11-02,Fort Mckay,6.708333333,6.455626818067387
2023-11-03,Fort Mckay,6.916666667,5.774180186901576
2023-11-04,Fort Mckay,6.416666667,6.2651462495869215
2023-11-05,Fort Mckay,4.0,5.839318677049589
2023-11-06,Fort Mckay,4.541666667,6.189600439999445
2023-11-07,Fort Mckay,10.58333333,6.17544726861766
2023-11-08,Fort Mckay,6.666666667,6.074324469740871
2023-11-09,Fort Mckay,3.708333333,6.464359413556736
2023-11-10,Fort Mckay,5.541666667,5.782912782390926
2023-11-11,Fort Mckay,5.375,6.273878845076271
2023-11-12,Fort Mckay,4.5,5.848051272538939
2023-11-13,Fort Mckay,2.791666667,6.198333035488795
2023-11-14,Fort Mckay,7.25,6.184179864107009
2023-11-15,Fort Mckay,4.916666667,6.0830570652302205
2023-11-16,Fort Mckay,4.583333333,6.473092009046086
2023-11-17,Fort Mckay,3.208333333,5.7916453778802754
2023-11-18,Fort Mckay,4.666666667,6.282611440565621
2023-11-19,Fort Mckay,7.125,5.856783868028288
2023-11-20,Fort Mckay,2.208333333,6.2070656309781445
2023-11-21,Fort Mckay,3.625,6.192912459596359
2023-11-22,Fort Mckay,2.625,6.09178966071957
2023-11-23,Fort Mckay,4.083333333,6.4818246045354355
2023-11-24,Fort Mckay,4.125,5.800377973369625
2023-11-25,Fort Mckay,3.791666667,6.29134403605497
2023-11-26,Fort Mckay,6.75,5.865516463517638
2023-11-27,Fort Mckay,9.291666667,6.215798226467494
2023-11-28,Fort Mckay,2.25,6.2016450550857085
2023-11-29,Fort Mckay,1.375,6.10052225620892
2023-11-30,Fort Mckay,1.208333333,6.490557200024785
2023-12-01,Fort Mckay,6.5,5.809110568858975
2023-12-02,Fort Mckay,12.33333333,6.30007663154432
2023-12-03,Fort Mckay,18.04166667,5.874249059006988
2023-12-04,Fort Mckay,10.375,6.224530821956844
2023-12-05,Fort Mckay,7.791666667,6.210377650575058
2023-12-06,Fort Mckay,1.458333333,6.109254851698269
2023-12-07,Fort Mckay,3.416666667,6.499289795514135
2023-12-08,Fort Mckay,3.958333333,5.817843164348324
2023-12-09,Fort Mckay,4.416666667,6.308809227033669
2023-12-10,Fort Mckay,4.083333333,5.882981654496337
2023-12-11,Fort Mckay,4.416666667,6.233263417446193
2023-12-12,Fort Mckay,7.125,6.219110246064408
2023-12-13,Fort Mckay,7.958333333,6.117987447187619
2023-12-14,Fort Mckay,3.583333333,6.508022391003484
2023-12-15,Fort Mckay,6.25,5.826575759837674
2023-12-16,Fort Mckay,4.916666667,6.317541822523019
2023-12-17,Fort Mckay,11.95833333,5.891714249985687
2023-12-18,Fort Mckay,3.458333333,6.241996012935543
2023-12-19,Fort Mckay,4.739130435,6.227842841553757
2023-12-20,Fort Mckay,4.75,6.126720042676968
2023-12-21,Fort Mckay,1.565217391,6.516754986492834
2023-12-22,Fort Mckay,4.75,5.835308355327023
2023-12-23,Fort Mckay,1.125,6.3262744180123685
2023-12-24,Fort Mckay,3.458333333,5.900446845475036
2023-12-25,Fort Mckay,7.583333333,6.250728608424892
2023-12-26,Fort Mckay,7.166666667,6.236575437043107
2023-12-27,Fort Mckay,4.458333333,6.135452638166318
2023-12-28,Fort Mckay,4.916666667,6.525487581982183
2023-12-29,Fort Mckay,5.333333333,5.844040950816373
2023-12-30,Fort Mckay,8.083333333,6.335007013501718
2023-12-31,Fort Mckay,3.916666667,5.909179440964386
2023-01-01,Calgary,14.83333333,11.881595866717483
2023-01-02,Calgary,10.125,10.195389634170072
2023-01-03,Calgary,16.54166667,9.338308783040198
2023-01-04,Calgary,7.625,9.563864743243306
2023-01-05,Calgary,6.583333333,9.858988640720124
2023-01-06,Calgary,3.791666667,10.086283455150845
2023-01-07,Calgary,8.375,9.494285432439254
2023-01-08,Calgary,13.79166667,9.455322881837963
2023-01-09,Calgary,6.0,9.18375308758925
2023-01-10,Calgary,9.291666667,8.920964448050038
2023-01-11,Calgary,10.45833333,9.396184013116933
2023-01-12,Calgary,8.0,9.796192198790536
2023-01-13,Calgary,16.375,10.06754915802826
2023-01-14,Calgary,12.70833333,9.49406174961717
2023-01-15,Calgary,18.95833333,9.462875553146679
2023-01-16,Calgary,12.57142857,9.19457262419946
2023-01-17,Calgary,7.541666667,8.933156402726423
2023-01-18,Calgary,7.208333333,9.408952523964002
2023-01-19,Calgary,5.75,9.809202922288506
2023-01-20,Calgary,5.625,10.080661635650529
2023-01-21,Calgary,4.75,9.507216974394773
2023-01-22,Calgary,2.25,9.476048736108302
2023-01-23,Calgary,2.5,9.20775335143791
2023-01-24,Calgary,3.75,8.946340299333931
2023-01-25,Calgary,3.708333333,9.422137752031167
2023-01-26,Calgary,2.291666667,9.822388709705114
2023-01-27,Calgary,3.125,10.0938476580512
2023-01-28,Calgary,4.0,9.52040309551282
2023-01-29,Calgary,3.583333333,9.489234898697763
2023-01-30,Calgary,3.75,9.22093953144961
2023-01-31,Calgary,5.25,8.959526486664757
2023-02-01,Calgary,9.75,9.435323942436778
2023-02-02,Calgary,7.863636364,9.83557490140245
2023-02-03,Calgary,5.416666667,10.107033850291192
2023-02-04,Calgary,3.458333333,9.533589287980782
2023-02-05,Calgary,9.125,9.502421091261493
2023-02-06,Calgary,2.25,9.234125724053575
2023-02-07,Calgary,2.333333333,8.972712679285625
2023-02-08,Calgary,4.541666667,9.448510135064744
2023-02-09,Calgary,7.333333333,9.848761094033398
2023-02-10,Calgary,6.0,10.12022004292339
2023-02-11,Calgary,2.25,9.546775480613508
2023-02-12,Calgary,3.5,9.515607283894443
2023-02-13,Calgary,2.375,9.247311916686618
2023-02-14,Calgary,5.541666667,8.985898871918707
2023-02-15,Calgary,9.25,9.461696327697844
2023-02-16,Calgary,5.541666667,9.861947286666506
2023-02-17,Calgary,3.227272727,10.133406235556505
2023-02-18,Calgary,3.875,9.559961673246624
2023-02-19,Calgary,2.833333333,9.528793476527557
2023-02-20,Calgary,8.875,9.260498109319732
2023-02-21,Calgary,3.416666667,8.99908506455182
2023-02-22,Calgary,3.916666667,9.474882520330958
2023-02-23,Calgary,4.166666667,9.87513347929962
2023-02-24,Calgary,6.541666667,10.146592428189617
2023-02-25,Calgary,13.33333333,9.573147865879736
2023-02-26,Calgary,6.75,9.54197966916067
2023-02-27,Calgary,14.08333333,9.273684301952844
2023-02-28,Calgary,15.95833333,9.012271257184933
2023-03-01,Calgary,15.5,9.48806871296407
2023-03-02,Calgary,2.708333333,9.888319671932733
2023-03-03,Calgary,2.333333333,10.15977862082273
2023-03-04,Calgary,5.458333333,9.586334058512849
2023-03-05,Calgary,5.916666667,9.555165861793782
2023-03-06,Calgary,5.958333333,9.286870494585957
2023-03-07,Calgary,11.20833333,9.025457449818045
2023-03-08,Calgary,9.5,9.501254905597182
2023-03-09,Calgary,6.458333333,9.901505864565845
2023-03-10,Calgary,17.41666667,10.172964813455842
2023-03-11,Calgary,10.95833333,9.599520251145961
2023-03-12,Calgary,15.33333333,9.568352054426894
2023-03-13,Calgary,27.33333333,9.300056687219069
2023-03-14,Calgary,7.583333333,9.038643642451158
2023-03-15,Calgary,6.708333333,9.514441098230295
2023-03-16,Calgary,5.041666667,9.914692057198957
2023-03-17,Calgary,7.791666667,10.186151006088954
2023-03-18,Calgary,12.25,9.612706443779073
2023-03-19,Calgary,15.58333333,9.581538247060006
2023-03-20,Calgary,20.91666667,9.313242879852181
2023-03-21,Calgary,11.95833333,9.05182983508427
2023-03-22,Calgary,17.83333333,9.527627290863407
2023-03-23,Calgary,11.375,9.92787824983207
2023-03-24,Calgary,14.66666667,10.199337198722066
2023-03-25,Calgary,18.0,9.625892636412186
2023-03-26,Calgary,7.041666667,9.594724439693119
2023-03-27,Calgary,6.958333333,9.326429072485293
2023-03-28,Calgary,8.791666667,9.065016027717382
2023-03-29,Calgary,9.458333333,9.54081348349652
2023-03-30,Calgary,14.79166667,9.941064442465182
2023-03-31,Calgary,10.2173913,10.212523391355179
2023-04-01,Calgary,2.791666667,9.639078829045298
2023-04-02,Calgary,1.5,9.60791063232623
2023-04-03,Calgary,9.791666667,9.339615265118406
2023-04-04,Calgary,9.375,9.078202220350494
2023-04-05,Calgary,9.541666667,9.553999676129632
2023-04-06,Calgary,8.833333333,9.954250635098294
2023-04-07,Calgary,5.208333333,10.22570958398829
2023-04-08,Calgary,2.458333333,9.65226502167841
2023-04-09,Calgary,2.208333333,9.621096824959343
2023-04-10,Calgary,4.25,9.352801457751518
2023-04-11,Calgary,5.25,9.091388412983607
2023-04-12,Calgary,5.708333333,9.567185868762744
2023-04-13,Calgary,7.260869565,9.967436827731406
2023-04-14,Calgary,7.541666667,10.238895776621403
2023-04-15,Calgary,4.166666667,9.665451214311522
2023-04-16,Calgary,4.0,9.634283017592455
2023-04-17,Calgary,7.625,9.36598765038463
2023-04-18,Calgary,7.416666667,9.104574605616719
2023-04-19,Calgary,4.833333333,9.580372061395856
2023-04-20,Calgary,6.25,9.980623020364519
2023-04-21,Calgary,6.791666667,10.252081969254515
2023-04-22,Calgary,5.333333333,9.678637406944635
2023-04-23,Calgary,4.125,9.647469210225568
2023-04-24,Calgary,4.75,9.379173843017742
2023-04-25,Calgary,5.708333333,9.117760798249831
2023-04-26,Calgary,5.375,9.593558254028968
2023-04-27,Calgary,2.708333333,9.99380921299763
2023-04-28,Calgary,6.086956522,10.265268161887628
2023-04-29,Calgary,5.708333333,9.691823599577747
2023-04-30,Calgary,6.666666667,9.66065540285868
2023-05-01,Calgary,8.166666667,9.392360035650855
2023-05-02,Calgary,13.625,9.130946990882943
2023-05-03,Calgary,14.25,9.60674444666208
2023-05-04,Calgary,13.04166667,10.006995405630743
2023-05-05,Calgary,7.625,10.27845435452074
2023-05-06,Calgary,7.291666667,9.70500979221086
2023-05-07,Calgary,6.416666667,9.673841595491792
2023-05-08,Calgary,7.666666667,9.405546228283967
2023-05-09,Calgary,9.458333333,9.144133183516056
2023-05-10,Calgary,11.70833333,9.619930639295193
2023-05-11,Calgary,6.333333333,10.020181598263855
2023-05-12,Calgary,8.291666667,10.291640547153852
2023-05-13,Calgary,8.666666667,9.718195984843971
2023-05-14,Calgary,6.375,9.687027788124905
2023-05-15,Calgary,7.208333333,9.41873242091708
2023-05-16,Calgary,124.0833333,9.157319376149168
2023-05-17,Calgary,127.3333333,9.633116831928305
2023-05-18,Calgary,35.41666667,10.033367790896968
2023-05-19,Calgary,28.91666667,10.304826739786964
2023-05-20,Calgary,148.9166667,9.731382177477084
2023-05-21,Calgary,51.04166667,9.700213980758017
2023-05-22,Calgary,51.5,9.431918613550192
2023-05-23,Calgary,1.75,9.17050556878228
2023-05-24,Calgary,7.625,9.646303024561417
2023-05-25,Calgary,21.41666667,10.04655398353008
2023-05-26,Calgary,27.58333333,10.318012932420077
2023-05-27,Calgary,16.45833333,9.744568370110196
2023-05-28,Calgary,7.75,9.713400173391129
2023-05-29,Calgary,7.863636364,9.445104806183304
2023-05-30,Calgary,8.416666667,9.183691761415393
2023-05-31,Calgary,12.125,9.65948921719453
2023-06-01,Calgary,10.125,10.059740176163192
2023-06-02,Calgary,10.33333333,10.331199125053189
2023-06-03,Calgary,23.54166667,9.757754562743308
2023-06-04,Calgary,15.66666667,9.726586366024241
2023-06-05,Calgary,12.16666667,9.458290998816416
2023-06-06,Calgary,7.166666667,9.196877954048505
2023-06-07,Calgary,10.125,9.672675409827642
2023-06-08,Calgary,14.54166667,10.072926368796304
2023-06-09,Calgary,20.08333333,10.344385317686301
2023-06-10,Calgary,12.16666667,9.77094075537642
2023-06-11,Calgary,52.625,9.739772558657354
2023-06-12,Calgary,20.875,9.471477191449528
2023-06-13,Calgary,17.29166667,9.210064146681617
2023-06-14,Calgary,8.666666667,9.685861602460754
2023-06-15,Calgary,87.75,10.086112561429417
2023-06-16,Calgary,36.91666667,10.357571510319413
2023-06-17,Calgary,5.75,9.784126948009533
2023-06-18,Calgary,2.666666667,9.752958751290466
2023-06-19,Calgary,1.125,9.48466338408264
2023-06-20,Calgary,1.666666667,9.22325033931473
2023-06-21,Calgary,4.041666667,9.699047795093866
2023-06-22,Calgary,3.826086957,10.099298754062529
2023-06-23,Calgary,6.166666667,10.370757702952526
2023-06-24,Calgary,5.47826087,9.797313140642645
2023-06-25,Calgary,8.458333333,9.766144943923578
2023-06-26,Calgary,8.0,9.497849576715753
2023-06-27,Calgary,10.625,9.236436531947842
2023-06-28,Calgary,10.83333333,9.712233987726979
2023-06-29,Calgary,9.041666667,10.112484946695641
2023-06-30,Calgary,12.20833333,10.383943895585638
2023-07-01,Calgary,8.25,9.810499333275757
2023-07-02,Calgary,3.916666667,9.77933113655669
2023-07-03,Calgary,10.91666667,9.511035769348865
2023-07-04,Calgary,9.625,9.249622724580954
2023-07-05,Calgary,10.45833333,9.725420180360091
2023-07-06,Calgary,19.625,10.125671139328754
2023-07-07,Calgary,16.45833333,10.39713008821875
2023-07-08,Calgary,15.83333333,9.82368552590887
2023-07-09,Calgary,14.20833333,9.792517329189803
2023-07-10,Calgary,15.58333333,9.524221961981977
2023-07-11,Calgary,8.958333333,9.262808917214066
2023-07-12,Calgary,23.5,9.738606372993203
2023-07-13,Calgary,64.75,10.138857331961866
2023-07-14,Calgary,44.04347826,10.410316280851863
2023-07-15,Calgary,58.625,9.836871718541982
2023-07-16,Calgary,61.91666667,9.805703521822915
2023-07-17,Calgary,40.04166667,9.53740815461509
2023-07-18,Calgary,11.16666667,9.275995109847178
2023-07-19,Calgary,19.875,9.751792565626316
2023-07-20,Calgary,18.33333333,10.152043524594978
2023-07-21,Calgary,17.58333333,10.423502473484975
2023-07-22,Calgary,12.45833333,9.850057911175094
2023-07-23,Calgary,24.29166667,9.818889714456027
2023-07-24,Calgary,17.25,9.550594347248202
2023-07-25,Calgary,13.58333333,9.28918130248029
2023-07-26,Calgary,2.291666667,9.764978758259428
2023-07-27,Calgary,5.458333333,10.16522971722809
2023-07-28,Calgary,4.458333333,10.436688666118087
2023-07-29,Calgary,4.833333333,9.863244103808206
2023-07-30,Calgary,7.083333333,9.83207590708914
2023-07-31,Calgary,9.208333333,9.563780539881314
2023-08-01,Calgary,13.70833333,9.302367495113403
2023-08-02,Calgary,11.14285714,9.77816495089254
2023-08-03,Calgary,20.08333333,10.178415909861203
2023-08-04,Calgary,15.33333333,10.4498748587512
2023-08-05,Calgary,12.625,9.876430296441319
2023-08-06,Calgary,14.25,9.845262099722252
2023-08-07,Calgary,15.875,9.576966732514427
2023-08-08,Calgary,28.08333333,9.315553687746515
2023-08-09,Calgary,19.91304348,9.791351143525652
2023-08-10,Calgary,4.416666667,10.191602102494315
2023-08-11,Calgary,3.625,10.463061051384312
2023-08-12,Calgary,5.375,9.889616489074431
2023-08-13,Calgary,4.458333333,9.858448292355364
2023-08-14,Calgary,7.458333333,9.590152925147539
2023-08-15,Calgary,14.29166667,9.328739880379628
2023-08-16,Calgary,25.0,9.804537336158765
2023-08-17,Calgary,60.91666667,10.204788295127427
2023-08-18,Calgary,14.29166667,10.476247244017424
2023-08-19,Calgary,21.625,9.902802681707543
2023-08-20,Calgary,31.54166667,9.871634484988476
2023-08-21,Calgary,17.70833333,9.603339117780651
2023-08-22,Calgary,10.82608696,9.34192607301274
2023-08-23,Calgary,9.625,9.817723528791877
2023-08-24,Calgary,21.58333333,10.21797448776054
2023-08-25,Calgary,15.95833333,10.489433436650536
2023-08-26,Calgary,15.625,9.915988874340655
2023-08-27,Calgary,20.875,9.884820677621589
2023-08-28,Calgary,21.29166667,9.616525310413763
2023-08-29,Calgary,20.41666667,9.355112265645852
2023-08-30,Calgary,25.04166667,9.83090972142499
2023-08-31,Calgary,43.79166667,10.231160680393652
2023-09-01,Calgary,21.45833333,10.502619629283648
2023-09-02,Calgary,9.791666667,9.929175066973768
2023-09-03,Calgary,49.125,9.8980068702547
2023-09-04,Calgary,148.3333333,9.629711503046876
2023-09-05,Calgary,81.20833333,9.368298458278964
2023-09-06,Calgary,13.83333333,9.844095914058101
2023-09-07,Calgary,6.958333333,10.244346873026764
2023-09-08,Calgary,9.666666667,10.51580582191676
2023-09-09,Calgary,8.166666667,9.94236125960688
2023-09-10,Calgary,6.708333333,9.911193062887813
2023-09-11,Calgary,7.791666667,9.642897695679988
2023-09-12,Calgary,6.791666667,9.381484650912077
2023-09-13,Calgary,6.791666667,9.857282106691214
2023-09-14,Calgary,8.458333333,10.257533065659876
2023-09-15,Calgary,9.291666667,10.528992014549873
2023-09-16,Calgary,7.958333333,9.955547452239992
2023-09-17,Calgary,16.04166667,9.924379255520925
2023-09-18,Calgary,16.91666667,9.6560838883131
2023-09-19,Calgary,7.291666667,9.394670843545189
2023-09-20,Calgary,5.826086957,9.870468299324326
2023-09-21,Calgary,9.666666667,10.270719258292988
2023-09-22,Calgary,11.125,10.542178207182985
2023-09-23,Calgary,7.333333333,9.968733644873105
2023-09-24,Calgary,7.25,9.937565448154038
2023-09-25,Calgary,8.416666667,9.669270080946212
2023-09-26,Calgary,5.416666667,9.407857036178301
2023-09-27,Calgary,2.416666667,9.883654491957438
2023-09-28,Calgary,3.25,10.2839054509261
2023-09-29,Calgary,3.625,10.555364399816098
2023-09-30,Calgary,17.0,9.981919837506217
2023-10-01,Calgary,8.166666667,9.95075164078715
2023-10-02,Calgary,4.583333333,9.682456273579325
2023-10-03,Calgary,3.916666667,9.421043228811413
2023-10-04,Calgary,3.166666667,9.89684068459055
2023-10-05,Calgary,3.882352941,10.297091643559213
2023-10-06,Calgary,3.833333333,10.56855059244921
2023-10-07,Calgary,4.541666667,9.995106030139329
2023-10-08,Calgary,5.291666667,9.963937833420262
2023-10-09,Calgary,6.791666667,9.695642466212437
2023-10-10,Calgary,5.833333333,9.434229421444526
2023-10-11,Calgary,2.833333333,9.910026877223663
2023-10-12,Calgary,9.25,10.310277836192325
2023-10-13,Calgary,8.0,10.581736785082322
2023-10-14,Calgary,6.666666667,10.008292222772441
2023-10-15,Calgary,2.791666667,9.977124026053374
2023-10-16,Calgary,5.541666667,9.70882865884555
2023-10-17,Calgary,1.583333333,9.447415614077638
2023-10-18,Calgary,3.75,9.923213069856775
2023-10-19,Calgary,2.666666667,10.323464028825438
2023-10-20,Calgary,4.583333333,10.594922977715434
2023-10-21,Calgary,4.75,10.021478415405554
2023-10-22,Calgary,6.916666667,9.990310218686487
2023-10-23,Calgary,6.75,9.722014851478662
2023-10-24,Calgary,5.375,9.46060180671075
2023-10-25,Calgary,10.66666667,9.936399262489887
2023-10-26,Calgary,6.291666667,10.33665022145855
2023-10-27,Calgary,3.458333333,10.608109170348547
2023-10-28,Calgary,2.666666667,10.034664608038666
2023-10-29,Calgary,6.75,10.003496411319599
2023-10-30,Calgary,7.708333333,9.735201044111774
2023-10-31,Calgary,10.66666667,9.473787999343863
2023-11-01,Calgary,16.41666667,9.949585455123
2023-11-02,Calgary,9.208333333,10.349836414091662
2023-11-03,Calgary,21.5,10.621295362981659
2023-11-04,Calgary,10.125,10.047850800671778
2023-11-05,Calgary,3.083333333,10.016682603952711
2023-11-06,Calgary,6.541666667,9.748387236744886
2023-11-07,Calgary,5.166666667,9.486974191976975
2023-11-08,Calgary,5.5,9.962771647756112
2023-11-09,Calgary,7.0,10.363022606724774
2023-11-10,Calgary,5.458333333,10.634481555614771
2023-11-11,Calgary,3.125,10.06103699330489
2023-11-12,Calgary,2.208333333,10.029868796585824
2023-11-13,Calgary,3.25,9.761573429377998
2023-11-14,Calgary,6.041666667,9.500160384610087
2023-11-15,Calgary,10.41666667,9.975957840389224
2023-11-16,Calgary,6.375,10.376208799357887
2023-11-17,Calgary,3.0,10.647667748247883
2023-11-18,Calgary,4.666666667,10.074223185938003
2023-11-19,Calgary,3.208333333,10.043054989218936
2023-11-20,Calgary,4.318181818,9.77475962201111
2023-11-21,Calgary,17.70833333,9.5133465772432
2023-11-22,Calgary,7.041666667,9.989144033022336
2023-11-23,Calgary,8.666666667,10.389394991990999
2023-11-24,Calgary,4.583333333,10.660853940880996
2023-11-25,Calgary,2.916666667,10.087409378571115
2023-11-26,Calgary,5.541666667,10.056241181852048
2023-11-27,Calgary,8.5,9.787945814644223
2023-11-28,Calgary,4.625,9.526532769876312
2023-11-29,Calgary,3.875,10.002330225655449
2023-11-30,Calgary,7.833333333,10.402581184624111
2023-12-01,Calgary,8.458333333,10.674040133514108
2023-12-02,Calgary,3.333333333,10.100595571204227
2023-12-03,Calgary,3.625,10.06942737448516
2023-12-04,Calgary,3.25,9.801132007277335
2023-12-05,Calgary,3.75,9.539718962509424
2023-12-06,Calgary,2.625,10.015516418288561
2023-12-07,Calgary,5.458333333,10.415767377257223
2023-12-08,Calgary,12.41666667,10.68722632614722
2023-12-09,Calgary,8.416666667,10.11378176383734
2023-12-10,Calgary,1.375,10.082613567118273
2023-12-11,Calgary,4.15,9.814318199910447
2023-12-12,Calgary,4.0,9.552905155142536
2023-12-13,Calgary,6.5,10.028702610921673
2023-12-14,Calgary,6.458333333,10.428953569890336
2023-12-15,Calgary,10.45833333,10.700412518780333
2023-12-16,Calgary,3.833333333,10.126967956470452
2023-12-17,Calgary,4.666666667,10.095799759751385
2023-12-18,Calgary,4.708333333,9.82750439254356
2023-12-19,Calgary,16.25,9.566091347775648
2023-12-20,Calgary,18.04166667,10.041888803554786
2023-12-21,Calgary,6.208333333,10.442139762523448
2023-12-22,Calgary,5.708333333,10.713598711413445
2023-12-23,Calgary,2.25,10.140154149103564
2023-12-24,Calgary,13.25,10.108985952384497
2023-12-25,Calgary,22.58333333,9.840690585176672
2023-12-26,Calgary,2.375,9.57927754040876
2023-12-27,Calgary,4.166666667,10.055074996187898
2023-12-28,Calgary,2.666666667,10.45532595515656
2023-12-29,Calgary,5.541666667,10.726784904046557
2023-12-30,Calgary,9.833333333,10.153340341736676
2023-12-31,Calgary,4.125,10.12217214501761
2023-01-01,Sarnia,14.83333333,9.733770767138214
2023-01-02,Sarnia,19.83333333,7.974457215119366
2023-01-03,Sarnia,18.70833333,7.753096320306532
2023-01-04,Sarnia,8.25,8.496528023980764
2023-01-05,Sarnia,8.625,7.333152432339104
2023-01-06,Sarnia,9.583333333,6.965509328513745
2023-01-07,Sarnia,2.916666667,7.302929780750409
2023-01-08,Sarnia,8.375,7.914165737607629
2023-01-09,Sarnia,15.16666667,7.578193740353819
2023-01-10,Sarnia,23.08333333,7.66947970248663
2023-01-11,Sarnia,12.25,8.481586459475192
2023-01-12,Sarnia,16.33333333,7.333295820210155
2023-01-13,Sarnia,2.75,6.968966230932262
2023-01-14,Sarnia,3.5,7.307114519650086
2023-01-15,Sarnia,10.20833333,7.918510350844876
2023-01-16,Sarnia,9.583333333,7.5825734710995665
2023-01-17,Sarnia,8.0,7.673867147036992
2023-01-18,Sarnia,2.125,8.485975598416307
2023-01-19,Sarnia,5.916666667,7.3376853313359645
2023-01-20,Sarnia,3.333333333,6.9733558238110245
2023-01-21,Sarnia,5.708333333,7.311504130486452
2023-01-22,Sarnia,9.958333333,7.922899965625755
2023-01-23,Sarnia,6.625,7.586963086746884
2023-01-24,Sarnia,13.41666667,7.67825676287463
2023-01-25,Sarnia,12.45833333,8.49036521429575
2023-01-26,Sarnia,5.541666667,7.34207494722459
2023-01-27,Sarnia,9.208333333,6.977745439701668
2023-01-28,Sarnia,12.16666667,7.315893746377538
2023-01-29,Sarnia,10.75,7.927289581516939
2023-01-30,Sarnia,4.666666667,7.59135270263809
2023-01-31,Sarnia,5.541666667,7.68264637876584
2023-02-01,Sarnia,12.66666667,8.494754830186961
2023-02-02,Sarnia,10.08333333,7.346464563115802
2023-02-03,Sarnia,2.5,6.982135055592879
2023-02-04,Sarnia,5.791666667,7.32028336226875
2023-02-05,Sarnia,8.791666667,7.93167919740815
2023-02-06,Sarnia,7.875,7.595742318529301
2023-02-07,Sarnia,10.95833333,7.687035994657052
2023-02-08,Sarnia,15.625,8.499144446078173
2023-02-09,Sarnia,9.958333333,7.350854179007014
2023-02-10,Sarnia,2.791666667,6.986524671484091
2023-02-11,Sarnia,3.583333333,7.3246729781599615
2023-02-12,Sarnia,9.541666667,7.936068813299362
2023-02-13,Sarnia,10.04166667,7.600131934420513
2023-02-14,Sarnia,13.25,7.691425610548263
2023-02-15,Sarnia,5.291666667,8.503534061969384
2023-02-16,Sarnia,3.458333333,7.355243794898225
2023-02-17,Sarnia,2.333333333,6.990914287375302
2023-02-18,Sarnia,6.25,7.329062594051173
2023-02-19,Sarnia,6.625,7.940458429190573
2023-02-20,Sarnia,6.125,7.604521550311724
2023-02-21,Sarnia,5.875,7.695815226439475
2023-02-22,Sarnia,6.333333333,8.507923677860596
2023-02-23,Sarnia,6.958333333,7.359633410789437
2023-02-24,Sarnia,3.041666667,6.995303903266514
2023-02-25,Sarnia,5.958333333,7.333452209942385
2023-02-26,Sarnia,10.5,7.944848045081785
2023-02-27,Sarnia,7.666666667,7.608911166202936
2023-02-28,Sarnia,6.458333333,7.700204842330686
2023-03-01,Sarnia,3.555555556,8.512313293751808
2023-03-02,Sarnia,13.54166667,7.364023026680648
2023-03-03,Sarnia,8.458333333,6.999693519157725
2023-03-04,Sarnia,5.708333333,7.337841825833596
2023-03-05,Sarnia,12.91666667,7.9492376609729964
2023-03-06,Sarnia,8.625,7.613300782094147
2023-03-07,Sarnia,2.208333333,7.704594458221898
2023-03-08,Sarnia,2.083333333,8.51670290964302
2023-03-09,Sarnia,4.25,7.36841264257186
2023-03-10,Sarnia,4.041666667,7.004083135048937
2023-03-11,Sarnia,2.416666667,7.342231441724808
2023-03-12,Sarnia,5.166666667,7.953627276864208
2023-03-13,Sarnia,4.5,7.617690397985359
2023-03-14,Sarnia,3.0,7.7089840741131095
2023-03-15,Sarnia,4.166666667,8.52109252553423
2023-03-16,Sarnia,8.625,7.3728022584630715
2023-03-17,Sarnia,7.041666667,7.0084727509401485
2023-03-18,Sarnia,3.166666667,7.346621057616019
2023-03-19,Sarnia,3.083333333,7.95801689275542
2023-03-20,Sarnia,8.75,7.6220800138765705
2023-03-21,Sarnia,7.666666667,7.713373690004321
2023-03-22,Sarnia,16.66666667,8.525482141425442
2023-03-23,Sarnia,11.16666667,7.377191874354283
2023-03-24,Sarnia,4.708333333,7.01286236683136
2023-03-25,Sarnia,4.75,7.351010673507231
2023-03-26,Sarnia,4.375,7.962406508646631
2023-03-27,Sarnia,4.375,7.626469629767782
2023-03-28,Sarnia,5.416666667,7.717763305895533
2023-03-29,Sarnia,8.333333333,8.529871757316654
2023-03-30,Sarnia,4.916666667,7.381581490245495
2023-03-31,Sarnia,11.91666667,7.017251982722572
2023-04-01,Sarnia,4.333333333,7.3554002893984425
2023-04-02,Sarnia,3.375,7.966796124537843
2023-04-03,Sarnia,4.625,7.630859245658994
2023-04-04,Sarnia,4.291666667,7.722152921786744
2023-04-05,Sarnia,6.791666667,8.534261373207865
2023-04-06,Sarnia,4.541666667,7.385971106136706
2023-04-07,Sarnia,2.833333333,7.021641598613783
2023-04-08,Sarnia,4.833333333,7.359789905289654
2023-04-09,Sarnia,8.125,7.971185740429054
2023-04-10,Sarnia,12.29166667,7.635248861550205
2023-04-11,Sarnia,10.16666667,7.726542537677956
2023-04-12,Sarnia,8.75,8.538650989099077
2023-04-13,Sarnia,11.95833333,7.390360722027918
2023-04-14,Sarnia,16.16666667,7.026031214504995
2023-04-15,Sarnia,25.70833333,7.364179521180866
2023-04-16,Sarnia,11.45833333,7.975575356320266
2023-04-17,Sarnia,2.166666667,7.639638477441417
2023-04-18,Sarnia,2.583333333,7.730932153569167
2023-04-19,Sarnia,2.5,8.543040604990289
2023-04-20,Sarnia,7.75,7.394750337919129
2023-04-21,Sarnia,7.916666667,7.030420830396206
2023-04-22,Sarnia,9.208333333,7.368569137072077
2023-04-23,Sarnia,3.791666667,7.979964972211477
2023-04-24,Sarnia,3.666666667,7.644028093332628
2023-04-25,Sarnia,8.708333333,7.735321769460379
2023-04-26,Sarnia,10.04347826,8.5474302208815
2023-04-27,Sarnia,7.625,7.399139953810341
2023-04-28,Sarnia,9.0,7.034810446287418
2023-04-29,Sarnia,5.458333333,7.372958752963289
2023-04-30,Sarnia,5.666666667,7.984354588102689
2023-05-01,Sarnia,3.041666667,7.64841770922384
2023-05-02,Sarnia,0.625,7.73971138535159
2023-05-03,Sarnia,1.916666667,8.551819836772712
2023-05-04,Sarnia,3.291666667,7.403529569701552
2023-05-05,Sarnia,5.458333333,7.0392000621786295
2023-05-06,Sarnia,4.125,7.3773483688545
2023-05-07,Sarnia,6.0,7.9887442039939005
2023-05-08,Sarnia,3.791666667,7.6528073251150515
2023-05-09,Sarnia,5.0,7.744101001242802
2023-05-10,Sarnia,7.833333333,8.556209452663923
2023-05-11,Sarnia,7.958333333,7.407919185592764
2023-05-12,Sarnia,12.29166667,7.043589678069841
2023-05-13,Sarnia,12.625,7.381737984745712
2023-05-14,Sarnia,4.458333333,7.993133819885112
2023-05-15,Sarnia,4.125,7.657196941006263
2023-05-16,Sarnia,6.0,7.7484906171340135
2023-05-17,Sarnia,4.090909091,8.560599068555135
2023-05-18,Sarnia,6.291666667,7.4123088014839755
2023-05-19,Sarnia,10.58333333,7.047979293961053
2023-05-20,Sarnia,10.45833333,7.386127600636923
2023-05-21,Sarnia,8.333333333,7.997523435776324
2023-05-22,Sarnia,12.04166667,7.661586556897475
2023-05-23,Sarnia,9.125,7.752880233025225
2023-05-24,Sarnia,5.833333333,8.564988684446346
2023-05-25,Sarnia,4.0,7.416698417375187
2023-05-26,Sarnia,3.541666667,7.052368909852264
2023-05-27,Sarnia,5.625,7.390517216528135
2023-05-28,Sarnia,6.5,8.001913051667534
2023-05-29,Sarnia,7.291666667,7.665976172788685
2023-05-30,Sarnia,9.666666667,7.757269848916436
2023-05-31,Sarnia,13.5,8.569378300337556
2023-06-01,Sarnia,12.33333333,7.421088033266397
2023-06-02,Sarnia,15.29166667,7.056758525743474
2023-06-03,Sarnia,26.125,7.394906832419345
2023-06-04,Sarnia,6.5,8.006302667558744
2023-06-05,Sarnia,16.91666667,7.670365788679895
2023-06-06,Sarnia,44.91666667,7.761659464807646
2023-06-07,Sarnia,59.5,8.573767916228766
2023-06-08,Sarnia,29.58333333,7.425477649157607
2023-06-09,Sarnia,36.04166667,7.061148141634684
2023-06-10,Sarnia,24.91666667,7.3992964483105546
2023-06-11,Sarnia,13.83333333,8.010692283449954
2023-06-12,Sarnia,6.583333333,7.674755404571105
2023-06-13,Sarnia,10.125,7.766049080698855
2023-06-14,Sarnia,11.95833333,8.578157532119976
2023-06-15,Sarnia,14.20833333,7.4298672650488164
2023-06-16,Sarnia,27.66666667,7.0655377575258935
2023-06-17,Sarnia,24.08333333,7.403686064201764
2023-06-18,Sarnia,15.33333333,8.015081899341164
2023-06-19,Sarnia,30.875,7.679145020462315
2023-06-20,Sarnia,9.5,7.770438696590065
2023-06-21,Sarnia,10.58333333,8.582547148011185
2023-06-22,Sarnia,13.45833333,7.434256880940026
2023-06-23,Sarnia,5.5,7.069927373417103
2023-06-24,Sarnia,7.0,7.408075680092974
2023-06-25,Sarnia,9.25,8.019471515232373
2023-06-26,Sarnia,6.833333333,7.683534636353524
2023-06-27,Sarnia,116.875,7.774828312481275
2023-06-28,Sarnia,102.7083333,8.586936763902395
2023-06-29,Sarnia,63.91666667,7.438646496831236
2023-06-30,Sarnia,40.08333333,7.074316989308313
2023-07-01,Sarnia,20.45833333,7.412465295984184
2023-07-02,Sarnia,8.5,8.023861131123583
2023-07-03,Sarnia,8.708333333,7.687924252244734
2023-07-04,Sarnia,15.125,7.779217928372485
2023-07-05,Sarnia,13.45833333,8.591326379793605
2023-07-06,Sarnia,9.75,7.443036112722446
2023-07-07,Sarnia,5.833333333,7.078706605199523
2023-07-08,Sarnia,6.0,7.416854911875394
2023-07-09,Sarnia,7.583333333,8.028250747014793
2023-07-10,Sarnia,11.8,7.692313868135944
2023-07-11,Sarnia,10.5,7.7836075442636945
2023-07-12,Sarnia,3.083333333,8.595715995684815
2023-07-13,Sarnia,4.541666667,7.447425728613656
2023-07-14,Sarnia,7.791666667,7.083096221090733
2023-07-15,Sarnia,7.625,7.4212445277666035
2023-07-16,Sarnia,22.0,8.032640362906003
2023-07-17,Sarnia,16.29166667,7.696703484027154
2023-07-18,Sarnia,4.826086957,7.787997160154904
2023-07-19,Sarnia,7.625,8.600105611576025
2023-07-20,Sarnia,7.041666667,7.451815344504865
2023-07-21,Sarnia,8.208333333,7.0874858369819425
2023-07-22,Sarnia,15.20833333,7.425634143657813
2023-07-23,Sarnia,11.29166667,8.037029978797213
2023-07-24,Sarnia,12.66666667,7.7010930999183635
2023-07-25,Sarnia,29.25,7.792386776046114
2023-07-26,Sarnia,26.45833333,8.604495227467234
2023-07-27,Sarnia,18.875,7.456204960396075
2023-07-28,Sarnia,11.08333333,7.091875452873152
2023-07-29,Sarnia,4.791666667,7.430023759549023
2023-07-30,Sarnia,5.625,8.041419594688422
2023-07-31,Sarnia,9.208333333,7.705482715809573
2023-08-01,Sarnia,6.5,7.796776391937324
2023-08-02,Sarnia,11.125,8.608884843358444
2023-08-03,Sarnia,17.66666667,7.460594576287285
2023-08-04,Sarnia,18.20833333,7.096265068764362
2023-08-05,Sarnia,17.66666667,7.434413375440233
2023-08-06,Sarnia,13.25,8.045809210579632
2023-08-07,Sarnia,5.041666667,7.709872331700783
2023-08-08,Sarnia,12.08333333,7.801166007828534
2023-08-09,Sarnia,15.95833333,8.613274459249654
2023-08-10,Sarnia,16.25,7.464984192178495
2023-08-11,Sarnia,7.125,7.100654684655572
2023-08-12,Sarnia,5.583333333,7.438802991331443
2023-08-13,Sarnia,3.041666667,8.050198826470842
2023-08-14,Sarnia,5.583333333,7.714261947591993
2023-08-15,Sarnia,9.25,7.805555623719743
2023-08-16,Sarnia,18.125,8.617664075140864
2023-08-17,Sarnia,10.83333333,7.4693738080697045
2023-08-18,Sarnia,9.125,7.105044300546782
2023-08-19,Sarnia,17.375,7.443192607222652
2023-08-20,Sarnia,18.79166667,8.054588442362052
2023-08-21,Sarnia,10.91666667,7.718651563483203
2023-08-22,Sarnia,5.291666667,7.809945239610953
2023-08-23,Sarnia,6.416666667,8.622053691032074
2023-08-24,Sarnia,5.125,7.473763423960914
2023-08-25,Sarnia,6.125,7.109433916437991
2023-08-26,Sarnia,5.166666667,7.447582223113862
2023-08-27,Sarnia,4.166666667,8.058978058253262
2023-08-28,Sarnia,5.666666667,7.7230411793744125
2023-08-29,Sarnia,9.25,7.814334855502163
2023-08-30,Sarnia,2.375,8.626443306923283
2023-08-31,Sarnia,3.958333333,7.478153039852124
2023-09-01,Sarnia,5.208333333,7.113823532329201
2023-09-02,Sarnia,8.625,7.451971839005072
2023-09-03,Sarnia,10.16666667,8.063367674144471
2023-09-04,Sarnia,8.583333333,7.727430795265622
2023-09-05,Sarnia,9.041666667,7.818724471393373
2023-09-06,Sarnia,7.958333333,8.630832922814493
2023-09-07,Sarnia,7.5,7.482542655743334
2023-09-08,Sarnia,1.708333333,7.118213148220411
2023-09-09,Sarnia,2.666666667,7.456361454896282
2023-09-10,Sarnia,4.416666667,8.067757290035681
2023-09-11,Sarnia,6.5,7.731820411156832
2023-09-12,Sarnia,3.708333333,7.823114087284583
2023-09-13,Sarnia,3.416666667,8.635222538705703
2023-09-14,Sarnia,4.416666667,7.486932271634544
2023-09-15,Sarnia,5.958333333,7.122602764111621
2023-09-16,Sarnia,10.42105263,7.460751070787492
2023-09-17,Sarnia,9.75,8.07214690592689
2023-09-18,Sarnia,5.541666667,7.736210027048042
2023-09-19,Sarnia,5.25,7.827503703175792
2023-09-20,Sarnia,6.916666667,8.639612154596913
2023-09-21,Sarnia,8.125,7.4913218875257535
2023-09-22,Sarnia,8.375,7.1269923800028305
2023-09-23,Sarnia,9.958333333,7.465140686678701
2023-09-24,Sarnia,9.583333333,8.0765365218181
2023-09-25,Sarnia,12.625,7.740599642939252
2023-09-26,Sarnia,5.541666667,7.831893319067002
2023-09-27,Sarnia,6.291666667,8.644001770488122
2023-09-28,Sarnia,6.708333333,7.495711503416963
2023-09-29,Sarnia,7.583333333,7.13138199589404
2023-09-30,Sarnia,8.083333333,7.469530302569911
2023-10-01,Sarnia,17.125,8.08092613770931
2023-10-02,Sarnia,13.0,7.744989258830461
2023-10-03,Sarnia,10.58333333,7.836282934958212
2023-10-04,Sarnia,9.791666667,8.648391386379332
2023-10-05,Sarnia,9.916666667,7.500101119308173
2023-10-06,Sarnia,5.75,7.13577161178525
2023-10-07,Sarnia,1.666666667,7.473919918461121
2023-10-08,Sarnia,1.666666667,8.08531575360052
2023-10-09,Sarnia,2.541666667,7.749378874721671
2023-10-10,Sarnia,2.791666667,7.840672550849422
2023-10-11,Sarnia,4.041666667,8.652781002270542
2023-10-12,Sarnia,4.291666667,7.504490735199383
2023-10-13,Sarnia,3.0,7.14016122767646
2023-10-14,Sarnia,3.208333333,7.478309534352331
2023-10-15,Sarnia,2.0,8.08970536949173
2023-10-16,Sarnia,2.391304348,7.753768490612881
2023-10-17,Sarnia,5.083333333,7.8450621667406315
2023-10-18,Sarnia,7.208333333,8.657170618161752
2023-10-19,Sarnia,8.208333333,7.508880351090593
2023-10-20,Sarnia,8.083333333,7.14455084356767
2023-10-21,Sarnia,2.333333333,7.4826991502435405
2023-10-22,Sarnia,3.25,8.09409498538294
2023-10-23,Sarnia,7.0,7.758158106504091
2023-10-24,Sarnia,9.375,7.849451782631841
2023-10-25,Sarnia,12.54166667,8.661560234052962
2023-10-26,Sarnia,11.25,7.513269966981802
2023-10-27,Sarnia,8.375,7.1489404594588795
2023-10-28,Sarnia,1.541666667,7.48708876613475
2023-10-29,Sarnia,3.625,8.09848460127415
2023-10-30,Sarnia,2.833333333,7.7625477223953006
2023-10-31,Sarnia,6.25,7.853841398523051
2023-11-01,Sarnia,2.958333333,8.665949849944171
2023-11-02,Sarnia,7.416666667,7.517659582873012
2023-11-03,Sarnia,7.875,7.153330075350089
2023-11-04,Sarnia,13.33333333,7.49147838202596
2023-11-05,Sarnia,15.45833333,8.10287421716536
2023-11-06,Sarnia,17.54166667,7.76693733828651
2023-11-07,Sarnia,3.083333333,7.858231014414261
2023-11-08,Sarnia,3.5,8.670339465835381
2023-11-09,Sarnia,4.416666667,7.522049198764222
2023-11-10,Sarnia,4.208333333,7.157719691241299
2023-11-11,Sarnia,2.916666667,7.49586799791717
2023-11-12,Sarnia,5.041666667,8.10726383305657
2023-11-13,Sarnia,5.375,7.77132695417772
2023-11-14,Sarnia,3.833333333,7.862620630305471
2023-11-15,Sarnia,9.291666667,8.674729081726591
2023-11-16,Sarnia,16.70833333,7.526438814655432
2023-11-17,Sarnia,4.25,7.162109307132509
2023-11-18,Sarnia,5.041666667,7.50025761380838
2023-11-19,Sarnia,6.083333333,8.111653448947779
2023-11-20,Sarnia,4.25,7.77571657006893
2023-11-21,Sarnia,5.541666667,7.86701024619668
2023-11-22,Sarnia,3.958333333,8.6791186976178
2023-11-23,Sarnia,6.75,7.5308284305466415
2023-11-24,Sarnia,2.666666667,7.166498923023719
2023-11-25,Sarnia,6.708333333,7.504647229699589
2023-11-26,Sarnia,10.16666667,8.116043064838989
2023-11-27,Sarnia,4.833333333,7.78010618596014
2023-11-28,Sarnia,2.833333333,7.87139986208789
2023-11-29,Sarnia,10.29166667,8.68350831350901
2023-11-30,Sarnia,12.66666667,7.535218046437851
2023-12-01,Sarnia,13.75,7.170888538914928
2023-12-02,Sarnia,6.208333333,7.509036845590799
2023-12-03,Sarnia,10.33333333,8.120432680730199
2023-12-04,Sarnia,3.458333333,7.7844958018513495
2023-12-05,Sarnia,5.708333333,7.8757894779791
2023-12-06,Sarnia,4.75,8.68789792940022
2023-12-07,Sarnia,12.08333333,7.539607662329061
2023-12-08,Sarnia,11.125,7.175278154806138
2023-12-09,Sarnia,7.583333333,7.513426461482009
2023-12-10,Sarnia,3.125,8.124822296621408
2023-12-11,Sarnia,2.041666667,7.788885417742559
2023-12-12,Sarnia,7.666666667,7.88017909387031
2023-12-13,Sarnia,5.083333333,8.69228754529143
2023-12-14,Sarnia,8.0,7.543997278220271
2023-12-15,Sarnia,11.625,7.179667770697348
2023-12-16,Sarnia,15.08333333,7.517816077373219
2023-12-17,Sarnia,5.291666667,8.129211912512618
2023-12-18,Sarnia,2.833333333,7.793275033633769
2023-12-19,Sarnia,2.545454545,7.88456870976152
2023-12-20,Sarnia,8.5,8.69667716118264
2023-12-21,Sarnia,8.5,7.548386894111481
2023-12-22,Sarnia,6.666666667,7.184057386588558
2023-12-23,Sarnia,19.375,7.522205693264429
2023-12-24,Sarnia,18.16666667,8.133601528403828
2023-12-25,Sarnia,17.29166667,7.797664649524979
2023-12-26,Sarnia,8.208333333,7.888958325652729
2023-12-27,Sarnia,4.416666667,8.70106677707385
2023-12-28,Sarnia,4.125,7.5527765100026905
2023-12-29,Sarnia,5.041666667,7.1884470024797675
2023-12-30,Sarnia,2.791666667,7.526595309155638
2023-12-31,Sarnia,9.333333333,8.137991144295038
